"","FirstDate","quarter","group","punew_year","puxhs_year","puxx_year","pce_year"
"1",1952-04-01,1952 Q2,1952,NA,0.014235115821872,NA,0.0184008753177701
"2",1952-07-01,1952 Q3,1952,NA,0.0283706971292155,NA,0.0235757140937669
"3",1952-10-01,1952 Q4,1952,NA,0.0141345109349048,NA,0.0121044649978787
"4",1953-01-01,1953 Q1,1953,0.00715768736788005,0.00351494210744463,NA,0.0116909120533033
"5",1953-04-01,1953 Q2,1953,0.00865480472962323,0.00704228262541293,NA,0.0134367437100129
"6",1953-07-01,1953 Q3,1953,0.00411446250909437,-3.72965547335014e-17,NA,0.0123404585795969
"7",1953-10-01,1953 Q4,1953,0.00969433393857316,0.00699303549097042,NA,0.015053113884302
"8",1954-01-01,1954 Q1,1954,0.0111983253100295,0.00699303549097042,NA,0.0162839537401286
"9",1954-04-01,1954 Q2,1954,0.00634922767865858,0.00350263055120193,NA,0.013473311634851
"10",1954-07-01,1954 Q3,1954,0.00260950753857414,-1.44849410244063e-16,NA,0.00475026083973891
"11",1954-10-01,1954 Q4,1954,-0.00857094868656116,-0.0140353181163835,NA,-0.000718545694492836
"12",1955-01-01,1955 Q1,1955,-0.00633031344995691,-0.0140353181163835,NA,-0.00250456318979366
"13",1955-04-01,1955 Q2,1955,-0.00260950753857429,-0.010544913176615,NA,-0.000143143429960928
"14",1955-07-01,1955 Q3,1955,-0.00372995583506389,-0.010544913176615,NA,0.00701204933780527
"15",1955-10-01,1955 Q4,1955,0.00373552918508731,0.00352734051796844,NA,0.0107954578361289
"16",1956-01-01,1956 Q1,1956,0.00223880690527141,1.4137996329211e-16,NA,0.0116818765606076
"17",1956-04-01,1956 Q2,1956,0.0052122232669901,0.00704228262541309,NA,0.0173843381840002
"18",1956-07-01,1956 Q3,1956,0.0196120994602193,0.0209797904691948,NA,0.0232568621642672
"19",1956-10-01,1956 Q4,1956,0.0254016970829507,0.0243490290102868,NA,0.0263856441009713
"20",1957-01-01,1957 Q1,1957,0.0308281293613018,0.0347257113738299,NA,0.031232932584744
"21",1957-04-01,1957 Q2,1957,0.0364604731335777,0.0378702740554099,NA,0.0308910219490447
"22",1957-07-01,1957 Q3,1957,0.0324469704057738,0.0306667983929723,NA,0.0292442586569085
"23",1957-10-01,1957 Q4,1957,0.0290186938890355,0.0271203062191937,NA,0.0286055617405324
"24",1958-01-01,1958 Q1,1958,0.0344555482936102,0.0335601964923016,0.0276834287484169,0.0318838220012175
"25",1958-04-01,1958 Q2,1958,0.0355233412462525,0.0332256476283203,0.0240148762038739,0.0273805406346225
"26",1958-07-01,1958 Q3,1958,0.0245282093521229,0.0264916154469762,0.0204785313435406,0.0200267903498742
"27",1958-10-01,1958 Q4,1958,0.0206192872027358,0.0231415285616943,0.0169783365344177,0.0144329646916637
"28",1959-01-01,1959 Q1,1959,0.0128362560408678,0.013114942077828,0.0202709643736188,0.0089354269596368
"29",1959-04-01,1959 Q2,1959,0.00138121568919848,0.00326264563481637,0.0168071183163811,0.0111526546148006
"30",1959-07-01,1959 Q3,1959,0.0089593983183574,0.00975617494536468,0.0200675630508091,0.0164423303039129
"31",1959-10-01,1959 Q4,1959,0.0151049902458509,0.0129871955268112,0.023295562603522,0.0223047819345235
"32",1960-01-01,1960 Q1,1960,0.012333147077216,0.012945164592037,0.0198682032167252,0.0168576354026982
"33",1960-04-01,1960 Q2,1960,0.0191393402106972,0.0161554402222852,0.0198026272961797,0.0180149898495256
"34",1960-07-01,1960 Q3,1960,0.0136288310556057,0.0128619136424077,0.0131580845775112,0.0157269526294789
"35",1960-10-01,1960 Q4,1960,0.013536585717533,0.0128206884290613,0.0130720815673528,0.0146834168236181
"36",1961-01-01,1961 Q1,1961,0.0158760301250311,0.0159493014076779,0.00978800636616278,0.0152390025056676
"37",1961-04-01,1961 Q2,1961,0.00909863058674608,0.0127390257774297,0.0097561749453647,0.00987694022192792
"38",1961-07-01,1961 Q3,1961,0.0124434092541692,0.0126985833371273,0.0129871955268112,0.00977674805612262
"39",1961-10-01,1961 Q4,1961,0.00770136068281286,0.00950878796902726,0.00969312920565972,0.00637269554083873
"40",1962-01-01,1962 Q1,1962,0.00668005156037384,0.00630916919326472,0.0129034048359079,0.00883078068030173
"41",1962-04-01,1962 Q2,1962,0.0133290877086005,0.0125787822068601,0.0128619136424077,0.0124942167575396
"42",1962-07-01,1962 Q3,1962,0.00997680373831676,0.00628932890756389,0.0128206884290613,0.0115695932537781
"43",1962-10-01,1962 Q4,1962,0.013254004493175,0.0156497716671278,0.0127797266463989,0.0135653047080317
"44",1963-01-01,1963 Q1,1963,0.0132277060975511,0.0125001627642316,0.00956945101615074,0.0121335534424723
"45",1963-04-01,1963 Q2,1963,0.00889773541986496,0.00623054975063619,0.0126985833371274,0.0102211267639327
"46",1963-07-01,1963 Q3,1963,0.0154329117870514,0.0186340795448929,0.0126583968719235,0.0123068865502506
"47",1963-10-01,1963 Q4,1963,0.0121054970849001,0.00927363678532903,0.0157483569681391,0.0130126668833622
"48",1964-01-01,1964 Q1,1964,0.0162923121514349,0.015408625352845,0.0219789067187753,0.0148242751963658
"49",1964-04-01,1964 Q2,1964,0.0153022683121595,0.015408625352845,0.0156497716671278,0.015353486765617
"50",1964-07-01,1964 Q3,1964,0.0106952891167479,0.00918842605440618,0.0156009404424795,0.0138732687212527
"51",1964-10-01,1964 Q4,1964,0.0119607050576639,0.0122325684356345,0.012422519998557,0.0133949775454446
"52",1965-01-01,1965 Q1,1965,0.0109290705321904,0.00913248356327263,0.0123458358222991,0.0119344113641692
"53",1965-04-01,1965 Q2,1965,0.0137977481742815,0.0121582044798097,0.0154086253528449,0.0148186996834707
"54",1965-07-01,1965 Q3,1965,0.0178918510791033,0.0181273845925568,0.0123078476745969,0.0152526275994207
"55",1965-10-01,1965 Q4,1965,0.0168874492799944,0.0180727810596945,0.0122700925918143,0.0150233016986143
"56",1966-01-01,1966 Q1,1966,0.018999938244904,0.0209902758918358,0.0121952730938182,0.0195198679207327
"57",1966-04-01,1966 Q2,1966,0.0282770960968616,0.0326923616855421,0.0181823190831903,0.0226235036378209
"58",1966-07-01,1966 Q3,1966,0.0271764343226031,0.0265894541892393,0.0271509890659508,0.0264825497444798
"59",1966-10-01,1966 Q4,1966,0.0372135963404343,0.0351942481217928,0.0359320092260634,0.031194266747772
"60",1967-01-01,1967 Q1,1967,0.0314938038493116,0.0321195494221124,0.0357180826020793,0.0263777436376525
"61",1967-04-01,1967 Q2,1967,0.025085438981269,0.020261185139822,0.0324991673929545,0.022933027964546
"62",1967-07-01,1967 Q3,1967,0.0288554568325554,0.0259007284321575,0.0322136199836549,0.0245393292099294
"63",1967-10-01,1967 Q4,1967,0.0255460924276965,0.0256059509051713,0.0318406058556587,0.0253760847406225
"64",1968-01-01,1968 Q1,1968,0.035824726518145,0.0339015516756816,0.0373070524128106,0.0330353506105666
"65",1968-04-01,1968 Q2,1968,0.0385232819963353,0.0393309120624237,0.0426807311148805,0.0384640983008885
"66",1968-07-01,1968 Q3,1968,0.0439309292257268,0.0417306724564732,0.0478290876898815,0.0395512734559994
"67",1968-10-01,1968 Q4,1968,0.046385126580935,0.0412713317554047,0.0500104205746614,0.0420031149046915
"68",1969-01-01,1969 Q1,1969,0.0458533044961225,0.0381517659643763,0.0494606301683998,0.0411390297711594
"69",1969-04-01,1969 Q2,1969,0.0537611768914526,0.0457684184555808,0.0594769866384221,0.0436674526023301
"70",1969-07-01,1969 Q3,1969,0.0530110159665039,0.0478814862332139,0.0560894666510436,0.0455480570620051
"71",1969-10-01,1969 Q4,1969,0.0551103627105188,0.0473772810110112,0.0579109159448387,0.0460493865933487
"72",1970-01-01,1970 Q1,1970,0.0598004233027871,0.0546299674865899,0.0598357916106652,0.0478802249491891
"73",1970-04-01,1970 Q2,1970,0.0588405000229334,0.0512932943875505,0.0586155028344492,0.046275398127052
"74",1970-07-01,1970 Q3,1970,0.0554964054495153,0.0481715436733659,0.0604718217550176,0.043765027966759
"75",1970-10-01,1970 Q4,1970,0.0547724896541183,0.0476878307857154,0.0595709602453325,0.0451166096013638
"76",1971-01-01,1971 Q1,1971,0.0514252118074372,0.0445618280599109,0.0612186224279008,0.0429859837618008
"77",1971-04-01,1971 Q2,1971,0.0407180930187852,0.0416216746908195,0.0483185772708077,0.0432545591478112
"78",1971-07-01,1971 Q3,1971,0.0427738159832866,0.0435904360748617,0.0477417628852152,0.0433296788841747
"79",1971-10-01,1971 Q4,1971,0.0373642467448681,0.038466280827796,0.0378295698730496,0.0366216101709878
"80",1972-01-01,1972 Q1,1972,0.0320619324596632,0.033336420267592,0.0327131974063028,0.0376618604715499
"81",1972-04-01,1972 Q2,1972,0.0343170929241291,0.0306989868888067,0.0324854551444885,0.0321170297317827
"82",1972-07-01,1972 Q3,1972,0.0291282729230237,0.0257324139664781,0.0275879565188292,0.0311092928192439
"83",1972-10-01,1972 Q4,1972,0.0312901579932102,0.0301997398636326,0.0297164723284771,0.0331037394613723
"84",1973-01-01,1973 Q1,1973,0.0357606638790981,0.0367857568165111,0.02497292093138,0.0347378565219527
"85",1973-04-01,1973 Q2,1973,0.0516546748648919,0.0543119893537399,0.0292484291262321,0.0480305947952438
"86",1973-07-01,1973 Q3,1973,0.0558284495529419,0.0604887614806511,0.0312525435041042,0.0573844139889796
"87",1973-10-01,1973 Q4,1973,0.0774874954783742,0.0791621933963429,0.0419024916540091,0.069558600388064
"88",1974-01-01,1974 Q1,1974,0.091684282689022,0.0946943530374544,0.0502838164262152,0.0868127718084373
"89",1974-04-01,1974 Q2,1974,0.095934075010171,0.0985089030435169,0.0602332579082369,0.0956738971631698
"90",1974-07-01,1974 Q3,1974,0.109199291964992,0.110996775972024,0.08426034361774,0.104194118367356
"91",1974-10-01,1974 Q4,1974,0.111917916203985,0.117548100849712,0.100597570953274,0.10885906150034
"92",1975-01-01,1975 Q1,1975,0.111113168147276,0.112521671580654,0.108978695618643,0.0980185028726941
"93",1975-04-01,1975 Q2,1975,0.0970097364404064,0.0951287080680498,0.106820826754929,0.0822090659320794
"94",1975-07-01,1975 Q3,1975,0.09105996551563,0.0910563626845253,0.0870113769896297,0.0740937625016735
"95",1975-10-01,1975 Q4,1975,0.0736877157911591,0.0742422273730952,0.0679506619085078,0.0657383249499914
"96",1976-01-01,1976 Q1,1976,0.0647774983163881,0.0639649621886673,0.0665680090901765,0.0582667518695623
"97",1976-04-01,1976 Q2,1976,0.0568438989765288,0.059877038078942,0.0618378795619078,0.0545246791787594
"98",1976-07-01,1976 Q3,1976,0.0540672212702758,0.0519147708580351,0.0645385211375712,0.0511676722808506
"99",1976-10-01,1976 Q4,1976,0.0532040360634647,0.0510314800124457,0.065336560283841,0.050206260700625
"100",1977-01-01,1977 Q1,1977,0.0506658574467856,0.0519815256604147,0.0590449258426263,0.0570625756147992
"101",1977-04-01,1977 Q2,1977,0.06720874969345,0.0661398025045448,0.0615578929994332,0.065618212473027
"102",1977-07-01,1977 Q3,1977,0.064538521137571,0.0652760231464505,0.0606246218164348,0.0654200827427908
"103",1977-10-01,1977 Q4,1977,0.0619444859605244,0.0579872576503493,0.0581076308072806,0.0638514719865329
"104",1978-01-01,1978 Q1,1978,0.0659217208048241,0.0587004341917639,0.0621114635434877,0.0621808560444456
"105",1978-04-01,1978 Q2,1978,0.0629747991613883,0.0575139062006068,0.0642275275104339,0.0655850980720623
"106",1978-07-01,1978 Q3,1978,0.0744603536690848,0.065722653898788,0.0694285064317628,0.0680586547465277
"107",1978-10-01,1978 Q4,1978,0.0855221734381617,0.0753368166361239,0.0805388624840122,0.0726990642875348
"108",1979-01-01,1979 Q1,1979,0.0884722976293044,0.0813456394539525,0.082112975721012,0.0751873620617024
"109",1979-04-01,1979 Q2,1979,0.0997107831157071,0.0909060989176665,0.0892121675730454,0.0818539063699566
"110",1979-07-01,1979 Q3,1979,0.108409298507185,0.0998721090898534,0.0917005687769577,0.0889625172864395
"111",1979-10-01,1979 Q4,1979,0.113967186978158,0.103326518152862,0.0963918456750657,0.0941804406758143
"112",1980-01-01,1980 Q1,1980,0.129875081421412,0.113987964687832,0.113067963105031,0.10505867710365
"113",1980-04-01,1980 Q2,1980,0.13618367956525,0.117016458386188,0.122985222843667,0.102268449299295
"114",1980-07-01,1980 Q3,1980,0.123550239378541,0.106564609722631,0.116700700800048,0.100876683150011
"115",1980-10-01,1980 Q4,1980,0.118964370702215,0.109018737662795,0.114775514592428,0.101382574622788
"116",1981-01-01,1981 Q1,1981,0.111495504225342,0.102314054809661,0.107444392421314,0.0974581900930775
"117",1981-04-01,1981 Q2,1981,0.0965455104123178,0.0958677488179333,0.0901510969942975,0.0898780629998692
"118",1981-07-01,1981 Q3,1981,0.102329291754544,0.0941060857395202,0.105608009781104,0.0830827989931645
"119",1981-10-01,1981 Q4,1981,0.0977757435767885,0.0875980593179858,0.104034335464663,0.0737891781840206
"120",1982-01-01,1982 Q1,1982,0.0793367422365213,0.0759859069779218,0.0884740070587739,0.0607027942862628
"121",1982-04-01,1982 Q2,1982,0.0641175571237774,0.0542432311272821,0.0848058815374488,0.0536230956992956
"122",1982-07-01,1982 Q3,1982,0.063513405722326,0.0584962066816087,0.0740284271510946,0.0529098678848635
"123",1982-10-01,1982 Q4,1982,0.0490960213365205,0.0493020658954813,0.0569774347425403,0.048673922461118
"124",1983-01-01,1983 Q1,1983,0.0364054763850098,0.0405250257210085,0.0450573855657486,0.0443024571128486
"125",1983-04-01,1983 Q2,1983,0.0392207131532815,0.0444058499425574,0.0403572614165572,0.0438473479749728
"126",1983-07-01,1983 Q3,1983,0.0233158053136168,0.0325231917055601,0.0315547808581698,0.0412902191063433
"127",1983-10-01,1983 Q4,1983,0.0271509890659508,0.0332189577925223,0.0352681388374581,0.0369682897066648
"128",1984-01-01,1984 Q1,1984,0.0420061756341549,0.0399254624091838,0.0489853051594162,0.0395829475831487
"129",1984-04-01,1984 Q2,1984,0.0445397713717706,0.0425175259910029,0.0504308536268919,0.040163835022645
"130",1984-07-01,1984 Q3,1984,0.0421837923035049,0.0392207131532814,0.0507921668401052,0.0347941180189738
"131",1984-10-01,1984 Q4,1984,0.0417739222456374,0.0388398333162639,0.0502035919665793,0.0343439348035851
"132",1985-01-01,1985 Q1,1985,0.0346521677055723,0.0317792751465171,0.0439001788752404,0.03523335650961
"133",1985-04-01,1985 Q2,1985,0.0351914583363133,0.032383782182115,0.0443259737700646,0.033639202266189
"134",1985-07-01,1985 Q3,1985,0.0339976085414197,0.0293720783123304,0.0410505398303577,0.0337631698251309
"135",1985-10-01,1985 Q4,1985,0.0318378950976087,0.0244602975701607,0.039691412149969,0.0345460616067362
"136",1986-01-01,1986 Q1,1986,0.0389659685333837,0.0317190770227938,0.0438426378641764,0.0299479540425009
"137",1986-04-01,1986 Q2,1986,0.0157629596652577,0.00280767615419844,0.0406743821500702,0.0208268617116971
"138",1986-07-01,1986 Q3,1986,0.0165749650942127,0.00558660670863987,0.0394316317043495,0.0182696632062035
"139",1986-10-01,1986 Q4,1986,0.0155467237383,0.00463607691747852,0.0399166074054424,0.0173495594131833
"140",1987-01-01,1987 Q1,1987,0.0135564660836081,0.00549451931764063,0.0351221350278265,0.0196512662178925
"141",1987-04-01,1987 Q2,1987,0.036137626918567,0.0348979398512773,0.0382322845038133,0.0302872015568463
"142",1987-07-01,1987 Q3,1987,0.038517972435675,0.0382560311555367,0.0387812492921104,0.0344372385769047
"143",1987-10-01,1987 Q4,1987,0.0426352316444358,0.0434457465104539,0.0408915573180988,0.0370031938492578
"144",1988-01-01,1988 Q1,1988,0.0404628636131808,0.0367589570304953,0.0422360072750407,0.0354588864020824
"145",1988-04-01,1988 Q2,1988,0.0391524560971815,0.0354647095722826,0.0417422870336967,0.0368513372037125
"146",1988-07-01,1988 Q3,1988,0.0404704388829553,0.0377072290999311,0.043826774039249,0.0396874549129638
"147",1988-10-01,1988 Q4,1988,0.0417259336702186,0.0407865643089101,0.044088772984649,0.0411493319026404
"148",1989-01-01,1989 Q1,1989,0.0438518825288494,0.0455992974096854,0.0452785505468277,0.0447419194832789
"149",1989-04-01,1989 Q2,1989,0.0491151560474954,0.052599061711275,0.0439894992503076,0.0471541376700503
"150",1989-07-01,1989 Q3,1989,0.0493927553295763,0.0495275366988481,0.0443110463249109,0.0408017059295435
"151",1989-10-01,1989 Q4,1989,0.0448505661653517,0.0440819811074627,0.0422267581763324,0.0386087224637609
"152",1990-01-01,1990 Q1,1990,0.0506742909632668,0.0508306137761291,0.0433169033607046,0.0415847699822591
"153",1990-04-01,1990 Q2,1990,0.046039876754734,0.0436609361160158,0.0473732580074769,0.0372238206367332
"154",1990-07-01,1990 Q3,1990,0.0470675108579858,0.0448433819218345,0.0498216237760945,0.0439563916318684
"155",1990-10-01,1990 Q4,1990,0.0618435052827031,0.0638263066291621,0.0522117086569126,0.0492362082464742
"156",1991-01-01,1991 Q1,1991,0.0549337188178373,0.0552025099447203,0.0545053897331408,0.0400386812968246
"157",1991-04-01,1991 Q2,1991,0.0469783350210114,0.0463761617901509,0.0502106189537233,0.0364242239474721
"158",1991-07-01,1991 Q3,1991,0.0427511669526638,0.0444177148018108,0.0467542899712109,0.030550238007705
"159",1991-10-01,1991 Q4,1991,0.0280875818102613,0.0256231048878979,0.0433768675857357,0.0246277108503809
"160",1992-01-01,1992 Q1,1992,0.0263751552543945,0.0231786077591568,0.0393585586287217,0.0256322958719506
"161",1992-04-01,1992 Q2,1992,0.0313322533602705,0.0297641019064539,0.037608889121444,0.0268251869349641
"162",1992-07-01,1992 Q3,1992,0.0310830950583887,0.0295224392663218,0.0365684070705653,0.0264269406958024
"163",1992-10-01,1992 Q4,1992,0.0322724314048499,0.0314928992317367,0.0348753293140125,0.0261612022273577
"164",1993-01-01,1993 Q1,1993,0.0320198112347712,0.0320027310861738,0.0338785787492741,0.0258766580097011
"165",1993-04-01,1993 Q2,1993,0.0310759469605226,0.0310382187109818,0.0342660329772697,0.0259547971467648
"166",1993-07-01,1993 Q3,1993,0.0280720187786861,0.027261372583856,0.0313463477347441,0.0239369619565108
"167",1993-10-01,1993 Q4,1993,0.0271509890659506,0.0270286723879196,0.0304457665341643,0.0227357938421812
"168",1994-01-01,1994 Q1,1994,0.0242142581205945,0.0240464202994892,0.0288923576983839,0.0203544743092348
"169",1994-04-01,1994 Q2,1994,0.0233687610078293,0.0217934811666031,0.0267203906159403,0.0192224061095089
"170",1994-07-01,1994 Q3,1994,0.0266318231807933,0.0265378701996603,0.0284808894608587,0.0220419689296672
"171",1994-10-01,1994 Q4,1994,0.0257641369361315,0.0235794558200347,0.0282795194786178,0.0209758300241133
"172",1995-01-01,1995 Q1,1995,0.0283037761628516,0.026888900216331,0.028710105882431,0.0223008377258581
"173",1995-04-01,1995 Q2,1995,0.0307716586667537,0.0301392675750399,0.031024963813125,0.0225333427717807
"174",1995-07-01,1995 Q3,1995,0.0279087881170762,0.0251799625088494,0.0295526064738731,0.019463127858776
"175",1995-10-01,1995 Q4,1995,0.0270732943285347,0.0250436100116369,0.0305796058132179,0.0191530801975935
"176",1996-01-01,1996 Q1,1996,0.0275246733900898,0.0241947285870568,0.0291312821568575,0.0198043768493876
"177",1996-04-01,1996 Q2,1996,0.0279329625598566,0.0259754864032607,0.0258475928105551,0.0206763143761992
"178",1996-07-01,1996 Q3,1996,0.0284256864979515,0.0265267543334287,0.0262931685966687,0.0208380337856924
"179",1996-10-01,1996 Q4,1996,0.0301594883063016,0.0296366767856932,0.0248874756996544,0.0232577047275302
"180",1997-01-01,1997 Q1,1997,0.0299290087770943,0.0307314147888484,0.0247373096560167,0.0221329314714279
"181",1997-04-01,1997 Q2,1997,0.0240517923185223,0.0221075323540419,0.025788535570785,0.0179698838992629
"182",1997-07-01,1997 Q3,1997,0.0214248900841061,0.0188012021075325,0.0238532478076632,0.0163491380015298
"183",1997-10-01,1997 Q4,1997,0.0206450873291576,0.016731407035905,0.0225261451329321,0.0126956915082026
"184",1998-01-01,1998 Q1,1998,0.0161795688762693,0.00961237776166617,0.022393393020756,0.0083643280382763
"185",1998-04-01,1998 Q2,1998,0.0142815218414037,0.0070490519374138,0.0210904126576599,0.00765201409801368
"186",1998-07-01,1998 Q3,1998,0.0173057470975922,0.0108592571433502,0.0221454271467332,0.00809652374452442
"187",1998-10-01,1998 Q4,1998,0.0147513430870727,0.00636134460701756,0.0220298764173005,0.00758006334539188
"188",1999-01-01,1999 Q1,1999,0.0165293019512104,0.0107834854010278,0.0230424941471543,0.00944432306794663
"189",1999-04-01,1999 Q2,1999,0.0225550555150863,0.0189759014590057,0.0217898529324101,0.0133074480600965
"190",1999-07-01,1999 Q3,1999,0.0212193472267417,0.0182567236322047,0.020536945401874,0.0157081161432891
"191",1999-10-01,1999 Q4,1999,0.0253025546647858,0.0262843667145969,0.0209936788207367,0.0191432649816197
"192",2000-01-01,2000 Q1,2000,0.0275466519554951,0.0267678602511046,0.020851699410071,0.0252855873598656
"193",2000-04-01,2000 Q2,2000,0.0296933929251464,0.030239885189718,0.0224350408054471,0.0243973270812908
"194",2000-07-01,2000 Q3,2000,0.0353601953958846,0.0367463265833745,0.0245411089161177,0.0253604071351188
"195",2000-10-01,2000 Q4,2000,0.0339213809456676,0.0328097473091888,0.0249527778652523,0.0249538713148934
"196",2001-01-01,2001 Q1,2001,0.0365363920619266,0.0379678023360946,0.0253317509991883,0.0242754274907572
"197",2001-04-01,2001 Q2,2001,0.0316755534511456,0.0305321531523763,0.0262740893701802,0.0241878503369313
"198",2001-07-01,2001 Q3,2001,0.0268510847228463,0.0225931132029341,0.0266392485465855,0.0182555692796115
"199",2001-10-01,2001 Q4,2001,0.0210534091978321,0.0142435642474022,0.0259474016434538,0.0129965535580686
"200",2002-01-01,2002 Q1,2002,0.0118880539595893,-0.00118343209078022,0.0257663207642289,0.00758339014974775
"201",2002-04-01,2002 Q2,2002,0.0163062370383964,0.00529257336576859,0.0245476573615167,0.0102835796185717
"202",2002-07-01,2002 Q3,2002,0.0145497810147314,0.00527705710084367,0.0217572923152647,0.014927615018238
"203",2002-10-01,2002 Q4,2002,0.0200675630508094,0.0134623045732723,0.0216424388163787,0.0191835087882801
"204",1947-04-01,1947 Q2,1947,NA,NA,NA,NA
"205",1947-07-01,1947 Q3,1947,NA,NA,NA,NA
"206",1947-10-01,1947 Q4,1947,NA,NA,NA,NA
"207",1948-01-01,1948 Q1,1948,NA,0.10233871322891,NA,0.0619878930641671
"208",1948-04-01,1948 Q2,1948,NA,0.0806889112501425,NA,0.0644151017772096
"209",1948-07-01,1948 Q3,1948,NA,0.0953101798043245,NA,0.061135138217329
"210",1948-10-01,1948 Q4,1948,NA,0.0627656955497872,NA,0.0333970799620066
"211",1949-01-01,1949 Q1,1949,NA,0.0038835000263975,NA,0.0146141230774008
"212",1949-04-01,1949 Q2,1949,NA,-0.00388350002639775,NA,-0.00185312062054881
"213",1949-07-01,1949 Q3,1949,NA,-0.0386148361277796,NA,-0.0228549300872415
"214",1949-10-01,1949 Q4,1949,NA,-0.0387645434502443,NA,-0.0207319598986153
"215",1950-01-01,1950 Q1,1950,NA,-0.0275066457898335,NA,-0.0146954602607391
"216",1950-04-01,1950 Q2,1950,NA,-0.0196469973837964,NA,-0.0038784793285709
"217",1950-07-01,1950 Q3,1950,NA,0.0117418178766833,NA,0.0226170519590135
"218",1950-10-01,1950 Q4,1950,NA,0.0349550150335765,NA,0.0413544931853565
"219",1951-01-01,1951 Q1,1951,NA,0.0803491271642132,NA,0.07458428157797
"220",1951-04-01,1951 Q2,1951,NA,0.101782694309942,NA,0.0779979721532567
"221",1951-07-01,1951 Q3,1951,NA,0.0785450287954171,NA,0.058672818581024
"222",1951-10-01,1951 Q4,1951,NA,0.0700101655726488,NA,0.0540590206166836
"223",1952-01-01,1952 Q1,1952,NA,0.0431721718652085,NA,0.0268152518600813
"224",2003-01-01,2003 Q1,2003,NA,0.0257173729078059,0.0194180858571015,0.0248016789405744
"225",2003-04-01,2003 Q2,2003,NA,0.0208945500505718,0.0146522767868703,0.0184131318830275
"226",2003-07-01,2003 Q3,2003,NA,0.0179662902714834,0.0151083884524381,0.019832089225285
"227",2003-10-01,2003 Q4,2003,NA,0.0190043151137358,0.0129703504426274,0.0200723861797797
"228",2004-01-01,2004 Q1,2004,NA,0.0194291826040901,0.0113696315202985,0.0201366235645992
"229",2004-04-01,2004 Q2,2004,NA,0.019340762141327,0.0175081712226562,0.0258376130352673
"230",2004-07-01,2004 Q3,2004,NA,0.0294305338369438,0.0174274015989594,0.024183858445771
"231",2004-10-01,2004 Q4,2004,NA,0.0331026016816899,0.0199036935451922,0.0277933585050666
"232",2005-01-01,2005 Q1,2005,NA,0.0295533077511447,0.022358654972588,0.0259086701243255
"233",2005-04-01,2005 Q2,2005,NA,0.0365084793235616,0.0217125419306252,0.025517569401979
"234",2005-07-01,2005 Q3,2005,NA,0.0339945014364026,0.0206192872027357,0.0313492949912532
"235",2005-10-01,2005 Q4,2005,NA,0.052148337122823,0.0205058447926848,0.0307874370659001
"236",2006-01-01,2006 Q1,2006,NA,0.0456455074899602,0.0208858909798345,0.0301817164725703
"237",2006-04-01,2006 Q2,2006,NA,0.0394087203816684,0.0227170262842329,0.0326301871081909
"238",2006-07-01,2006 Q3,2006,NA,0.0427392927949867,0.0265241482563177,0.0290553919735584
"239",2006-10-01,2006 Q4,2006,NA,0.00157026988559883,0.0273454538905289,0.0194527627825933
"240",2007-01-01,2007 Q1,2007,NA,0.0102829072318786,0.0262278268623453,0.0233566554026571
"241",2007-04-01,2007 Q2,2007,NA,0.0191112502761298,0.0238681493383189,0.0230512166420461
"242",2007-07-01,2007 Q3,2007,NA,0.0169678319852699,0.0214503048951489,0.0215299961383689
"243",2007-10-01,2007 Q4,2007,NA,0.0372625290573497,0.0213362649835545,0.0333114871111602
"244",2008-01-01,2008 Q1,2008,NA,0.0477185457263897,0.0244868060384482,0.0323476479260049
"245",2008-04-01,2008 Q2,2008,NA,0.0438954193245712,0.0226873770296965,0.0336045470749479
"246",2008-07-01,2008 Q3,2008,NA,0.0672555713058071,0.0243346325453536,0.0385745164503316
"247",2008-10-01,2008 Q4,2008,NA,0.0436327278703708,0.021970501204799,0.0123533916054926
"248",2009-01-01,2009 Q1,2009,NA,-0.0104168645972314,0.0165852051636699,-0.00255963172345337
"249",2009-04-01,2009 Q2,2009,NA,-0.0164171097427149,0.0191389426152749,-0.00830150999180884
"250",2009-07-01,2009 Q3,2009,NA,-0.0336147440391317,0.01515556502129,-0.0120539140044738
"251",2009-10-01,2009 Q4,2009,NA,-0.00649444062774245,0.0169823125439218,0.011724067575689
"252",2010-01-01,2010 Q1,2010,NA,0.0402387948203194,0.0150101338845998,0.0223607064841043
"253",2010-04-01,2010 Q2,2010,NA,0.0355605861809494,0.00962858497195231,0.0199397140001909
"254",2010-07-01,2010 Q3,2010,NA,0.0211112068564295,0.00953196543186202,0.0149978594653158
"255",2010-10-01,2010 Q4,2010,NA,0.018929466421396,0.00600909273413366,0.0137097494934811
"256",2011-01-01,2011 Q1,2011,NA,0.0217816550392622,0.00978728530011002,0.0182194833646039
"257",2011-04-01,2011 Q2,2011,NA,0.0398364010439476,0.0130696114546869,0.0264750427735415
"258",2011-07-01,2011 Q3,2011,NA,0.0452088101966152,0.0172649340525684,0.0291656030373
"259",2011-10-01,2011 Q4,2011,NA,0.0423666504560039,0.0208601118803156,0.0260768425485707
"260",2012-01-01,2012 Q1,2012,NA,0.0343566771083756,0.0225180367484463,0.0243119447222048
"261",2012-04-01,2012 Q2,2012,NA,0.022554512212865,0.0228805117444958,0.0169257262902109
"262",2012-07-01,2012 Q3,2012,NA,0.0109365128805259,0.0208800436098011,0.0152112008328597
"263",2012-10-01,2012 Q4,2012,NA,0.0210072678577664,0.0197501665904047,0.0174979808846722
"264",2013-01-01,2013 Q1,2013,NA,0.0143288647134707,0.0189179440976409,0.0144027052981181
"265",2013-04-01,2013 Q2,2013,NA,0.00654038708851363,0.0170100931358238,0.0124958165091524
"266",2013-07-01,2013 Q3,2013,NA,0.0164989745874351,0.0168592976742389,0.0137015052071101
"267",2013-10-01,2013 Q4,2013,NA,0.00242063822933332,0.0167276861846568,0.0117884485297688
"268",2014-01-01,2014 Q1,2014,NA,0.010754253442466,0.0159425833327483,0.0128649927898856
"269",2014-04-01,2014 Q2,2014,NA,0.0165240026183964,0.0180467290107762,0.0168200319068359
"270",2014-07-01,2014 Q3,2014,NA,0.0152937554476035,0.0182815026293568,0.0154485174452186
"271",2014-10-01,2014 Q4,2014,NA,0.00938577988866526,0.0180131085370425,0.0104488974844601
"272",2015-01-01,2015 Q1,2015,NA,-0.017299744434964,0.0161845759686431,0.00137452804543202
"273",2015-04-01,2015 Q2,2015,NA,-0.0157430996934116,0.0178676960617215,0.00190293057212345
"274",2015-07-01,2015 Q3,2015,NA,-0.0114160433889879,0.0181800497611901,0.00175425143087309
"275",2015-10-01,2015 Q4,2015,NA,-0.0133905945882112,0.018954557354747,0.00231064384889052
"276",2016-01-01,2016 Q1,2016,NA,0.00248207829074244,0.0212234071043227,0.00728540693704861
"277",2016-04-01,2016 Q2,2016,NA,0.00181078271684912,0.0213372801062289,0.00862563862286163
"278",2016-07-01,2016 Q3,2016,NA,-0.00317155415382342,0.0214692765123578,0.00947700342310717
"279",2016-10-01,2016 Q4,2016,NA,0.007704820479007,0.0218060617354114,0.0148146332406525
"280",2017-01-01,2017 Q1,2017,NA,0.0197790729413951,0.0222526551146531,0.0201473410439733
"281",2017-04-01,2017 Q2,2017,NA,0.0152695076195347,0.0187880442601481,0.0158285848152678
"282",2017-07-01,2017 Q3,2017,NA,0.00994922496736739,0.0166305697199126,0.0159245930621436
"283",2017-10-01,2017 Q4,2017,NA,0.0139855629923408,0.0174433668337428,0.0173237806890213
"284",2018-01-01,2018 Q1,2018,NA,0.0158937019741247,0.0187360500090354,0.0184876119800617
"285",2018-04-01,2018 Q2,2018,NA,0.0198635037897263,0.0212784459372318,0.0217238121852449
"286",2018-07-01,2018 Q3,2018,NA,0.025031010515145,0.0224226752393235,0.0215404349661265
"287",2018-10-01,2018 Q4,2018,NA,0.0212041384111691,0.0210411651452677,0.0193600128715683
"288",2019-01-01,2019 Q1,2019,NA,0.00733608553375334,0.0212533925957956,0.0146684180263027
"289",2019-04-01,2019 Q2,2019,NA,0.012784612856516,0.0206175376801367,0.0146986267711139
"290",2019-07-01,2019 Q3,2019,NA,0.00943792107684393,0.0215512014522272,0.0137724227012015
"291",2019-10-01,2019 Q4,2019,NA,0.00985818545003601,0.0229958382363839,0.0138648556781293
"292",2020-01-01,2020 Q1,2020,NA,0.0206654614365979,0.0225303094457242,0.0147724860642625
"293",2020-04-01,2020 Q2,2020,NA,-0.00776039769701106,0.0143821392250432,0.00511169663641321
"294",2020-07-01,2020 Q3,2020,NA,0.00351531699058863,0.0152227035752933,0.0108505364911294
"295",2020-10-01,2020 Q4,2020,NA,0.00758866743800042,0.016084933142549,0.011901263724753
"296",2021-01-01,2021 Q1,2021,NA,0.0128768845109186,0.0139925449994233,0.0202990572913464
"297",2021-04-01,2021 Q2,2021,NA,0.0502844401433874,0.0290869730700984,0.0398406475399888
"298",2021-07-01,2021 Q3,2021,NA,0.0624509253169053,0.0409309086643007,0.0454398973634795
"299",2021-10-01,2021 Q4,2021,NA,0.0733014173536825,0.0448566913408723,0.0569141524642917
"300",2022-01-01,2022 Q1,2022,NA,0.0880055343149742,0.0589177419636972,0.0638684044992945
"301",2022-04-01,2022 Q2,2022,NA,0.0931441481140468,0.0595717088124816,0.0661180595203726
"302",2022-07-01,2022 Q3,2022,NA,0.0929662112429941,0.0572240358664741,0.0638327657819048
"303",2022-10-01,2022 Q4,2022,NA,0.0786621920850048,0.0611116563081867,0.0576067960843498
"304",2023-01-01,2023 Q1,2023,NA,0.0545013981895282,0.0539916088740644,0.0492621594733318
"305",2023-04-01,2023 Q2,2023,NA,0.0337426438381032,0.0538881480426218,0.0379992409344268
"306",2023-07-01,2023 Q3,2023,NA,0.0116526723059928,0.0459759697594402,0.0329161958537193
"307",2023-10-01,2023 Q4,2023,NA,0.0147621933844373,0.0394091914026847,NA
