"","FirstDate","gdpg","gap1","gap2","unrate","lshr","xli","xli2","fac","rate","yield","quarter","group"
"1",1947-04-01,-0.00265576624248759,NA,2176.89194211405,NA,114.234,NA,NA,NA,NA,NA,1947 Q2,1947
"2",1947-07-01,-0.00205089414506348,NA,2172.21046856115,NA,116.076,NA,NA,NA,NA,NA,1947 Q3,1947
"3",1947-10-01,0.0155385182596203,NA,2194.64526575989,NA,114.459,NA,NA,NA,NA,NA,1947 Q4,1947
"4",1948-01-01,0.0149480959214113,59.2767732860397,2224.3525748988,3.4,114.631,NA,NA,NA,NA,NA,1948 Q1,1948
"5",1948-04-01,0.0163887422606217,NA,2258.6305113638,NA,114.586,NA,NA,NA,NA,NA,1948 Q2,1948
"6",1948-07-01,0.00572874207685162,NA,2283.71605456858,NA,114.581,NA,NA,NA,NA,NA,1948 Q3,1948
"7",1948-10-01,0.00113222366570281,NA,2299.57618558391,NA,113.644,NA,NA,NA,NA,NA,1948 Q4,1948
"8",1949-01-01,-0.0138617703140792,59.8664129205722,2297.23693516317,4.3,113.949,NA,NA,NA,NA,NA,1949 Q1,1949
"9",1949-04-01,-0.00340235621810746,NA,2292.25626344536,NA,114.153,NA,NA,NA,NA,NA,1949 Q2,1949
"10",1949-07-01,0.0102863176794873,NA,2295.65426374574,NA,112.001,NA,NA,NA,NA,NA,1949 Q3,1949
"11",1949-10-01,-0.00841334574088023,NA,2291.94450506125,NA,112.634,NA,NA,NA,NA,NA,1949 Q4,1949
"12",1950-01-01,0.038563635111545,59.6284766505685,2313.81206505144,6.5,111.339,NA,NA,NA,NA,NA,1950 Q1,1950
"13",1950-04-01,0.0300531498717877,NA,2349.51371602653,NA,112.003,NA,NA,NA,NA,NA,1950 Q2,1950
"14",1950-07-01,0.037922426459351,NA,2401.03728691981,NA,110.578,NA,NA,NA,NA,NA,1950 Q3,1950
"15",1950-10-01,0.0189685237420958,NA,2453.53222768485,NA,110.881,NA,NA,NA,NA,NA,1950 Q4,1950
"16",1951-01-01,0.0134881840502226,61.5825571822424,2503.62809269835,3.7,110.319,NA,NA,NA,NA,NA,1951 Q1,1951
"17",1951-04-01,0.0171730416221001,NA,2554.10045611162,NA,111.613,NA,NA,NA,NA,NA,1951 Q2,1951
"18",1951-07-01,0.0203905787040841,NA,2606.93359466588,NA,109.679,NA,NA,NA,NA,NA,1951 Q3,1951
"19",1951-10-01,0.00218714707630872,NA,2651.18409293302,NA,110.748,NA,NA,NA,NA,NA,1951 Q4,1951
"20",1952-01-01,0.0106127461185174,62.4209721686207,2693.05470922679,3.2,111.255,NA,NA,NA,NA,NA,1952 Q1,1952
"21",1952-04-01,0.00214070506745593,NA,2728.06170791977,NA,112.163,NA,NA,NA,NA,NA,1952 Q2,1952
"22",1952-07-01,0.00718642092533872,NA,2760.01995793316,NA,112.843,NA,NA,NA,1.765,1.839,1952 Q3,1952
"23",1952-10-01,0.0323117626350774,NA,2803.83194581572,NA,112.535,NA,NA,NA,1.522,1.988,1952 Q4,1952
"24",1953-01-01,0.0184197104588184,63.2493507991184,2850.32389568199,2.9,112.744,NA,NA,NA,1.954,1.998,1953 Q1,1953
"25",1953-04-01,0.00770118473997086,NA,2892.91846771737,NA,113.05,NA,NA,NA,1.989,2.074,1953 Q2,1953
"26",1953-07-01,-0.00564104051168291,NA,2924.16174944334,NA,113.344,NA,NA,NA,1.674,2.421,1953 Q3,1953
"27",1953-10-01,-0.0152529238738423,NA,2939.79510664195,NA,114.724,NA,NA,NA,1.395,2.024,1953 Q4,1953
"28",1954-01-01,-0.00478714498995375,63.3325171174047,2947.76135300191,4.9,115.071,NA,NA,NA,1.294,1.574,1954 Q1,1954
"29",1954-04-01,0.00109352839220297,NA,2952.48562240496,NA,114.24,NA,NA,NA,0.984,1.058,1954 Q2,1954
"30",1954-07-01,0.0112335607433122,NA,2960.40870497817,NA,113.252,NA,NA,NA,0.598,0.732,1954 Q3,1954
"31",1954-10-01,0.019380618135119,NA,2976.27581755885,NA,112.591,NA,NA,NA,0.882,0.939,1954 Q4,1954
"32",1955-01-01,0.0281655613591675,63.7617188165649,3004.91597558022,4.9,110.692,NA,NA,NA,0.964,1.139,1955 Q1,1955
"33",1955-04-01,0.0161444244585288,NA,3038.02920966197,NA,110.882,NA,NA,NA,1.329,1.558,1955 Q2,1955
"34",1955-07-01,0.013417791066362,NA,3073.5328591834,NA,111.309,NA,NA,NA,1.329,1.839,1955 Q3,1955
"35",1955-10-01,0.0059886932808544,NA,3106.50910309133,NA,111.626,NA,NA,NA,2.131,1.998,1955 Q4,1955
"36",1956-01-01,-0.00388797526893081,64.7833425535387,3130.95699969841,4,113.688,NA,NA,NA,2.446,2.653,1956 Q1,1956
"37",1956-04-01,0.00823178729922624,NA,3155.37890631812,NA,114.618,NA,NA,NA,2.157,2.519,1956 Q2,1956
"38",1956-07-01,-0.000897436447268075,NA,3174.07238959108,NA,114.925,NA,NA,NA,2.232,2.55,1956 Q3,1956
"39",1956-10-01,0.0163251299354378,NA,3198.64604962415,NA,114.944,NA,NA,NA,2.711,3.181,1956 Q4,1956
"40",1957-01-01,0.00638226864536564,65.1020076489709,3222.254567144,4.2,113.946,NA,NA,NA,3.041,3.444,1957 Q1,1957
"41",1957-04-01,-0.00219380703071216,NA,3239.50658156298,NA,114.836,NA,NA,NA,2.883,3.379,1957 Q2,1957
"42",1957-07-01,0.00975151736166654,NA,3258.85079842761,NA,114.151,NA,NA,NA,3.072,3.581,1957 Q3,1957
"43",1957-10-01,-0.0103992690370806,NA,3267.11499218968,NA,115.018,NA,NA,NA,3.046,4.037,1957 Q4,1957
"44",1958-01-01,-0.0263019188296856,65.1591571991225,3255.62338790662,5.8,116.215,NA,NA,NA,2.69,2.686,1958 Q1,1958
"45",1958-04-01,0.00654750669789374,NA,3247.53480682683,NA,114.877,NA,NA,NA,0.989,1.496,1958 Q2,1958
"46",1958-07-01,0.0228676416853085,NA,3253.26816545963,NA,114.778,NA,NA,NA,0.685,1.1,1958 Q3,1958
"47",1958-10-01,0.0231131219937132,NA,3272.04495633701,NA,112.823,NA,NA,NA,1.735,2.98,1958 Q4,1958
"48",1959-01-01,0.0190023698055778,65.5832496509954,3300.09102563435,6,113.264,NA,NA,NA,2.487,2.954,1959 Q1,1959
"49",1959-04-01,0.0222841884606228,NA,3338.82560950324,NA,112.88,2.9,NA,0.82673564,2.36,3.545,1959 Q2,1959
"50",1959-07-01,0.000697024288747565,NA,3372.2561054719,NA,112.922,2.9,NA,0.063105074,2.664,4.083,1959 Q3,1959
"51",1959-10-01,0.00284575386785779,NA,3402.23395566164,NA,113.791,2.9,NA,-0.1422055,3.58,4.79,1959 Q4,1959
"52",1960-01-01,0.0222371835003522,66.3113465059239,3442.55298389975,5.2,113.459,2.9,NA,0.72083744,4.063,4.86,1960 Q1,1960
"53",1960-04-01,-0.00539811645960679,NA,3472.65600165608,NA,115.752,0.3,NA,0.24027671,2.538,3.623,1960 Q2,1960
"54",1960-07-01,0.00488734982363209,NA,3500.73094028172,NA,115.293,-2.7,NA,-0.23755341,1.725,3.169,1960 Q3,1960
"55",1960-10-01,-0.0129143438243209,NA,3514.45620437372,NA,116.958,-0.8,NA,-0.17727849,2.446,2.847,1960 Q4,1960
"56",1961-01-01,0.00672749921338168,66.454940715632,3529.13934455516,6.6,116.378,1.2,0.31,-0.019195389,2.08,2.635,1961 Q1,1961
"57",1961-04-01,0.0168360222827262,NA,3551.98222721205,NA,114.767,3.1,0.18,0.3894376,2.106,2.896,1961 Q2,1961
"58",1961-07-01,0.0190215948771549,NA,3583.95121980196,NA,113.61,6.1,0.18,0.35227479,2.091,2.998,1961 Q3,1961
"59",1961-10-01,0.019426768536791,NA,3624.58933323775,NA,113.426,6.1,0.21,0.64007809,2.06,2.977,1961 Q4,1961
"60",1962-01-01,0.0176794258440586,67.4698267189782,3671.79874009421,5.8,112.867,6.3,0.23,0.017142597,2.517,3.109,1962 Q1,1962
"61",1962-04-01,0.00900686009216271,NA,3718.28945168178,NA,113.674,4.9,0.16,0.46061833,2.68,2.887,1962 Q2,1962
"62",1962-07-01,0.0122206889182955,NA,3766.45847565644,NA,112.467,2.9,0.16,0.29881783,2.924,3.071,1962 Q3,1962
"63",1962-10-01,0.00328860532343318,NA,3809.11943778643,NA,112.731,4.2,0.16,0.10545559,2.716,2.963,1962 Q4,1962
"64",1963-01-01,0.0108617018229624,68.1647963349325,3852.60563890359,5.7,112.912,5.2,0.13,0.19977163,2.954,2.978,1963 Q1,1963
"65",1963-04-01,0.0111616200398535,NA,3897.04862683419,NA,112.579,6.7,0.12,0.62443536,2.853,3.027,1963 Q2,1963
"66",1963-07-01,0.0217500532777354,NA,3950.83798139629,NA,111.035,4.8,0.17,0.2283507,2.985,3.126,1963 Q3,1963
"67",1963-10-01,0.00653763050400838,NA,4000.76252945559,NA,111.689,4.4,0.09,0.48752555,3.432,3.697,1963 Q4,1963
"68",1964-01-01,0.0208678791743047,68.99808272525,4058.90699760034,5.6,110.362,5.1,0.16,0.34343366,3.483,3.829,1964 Q1,1964
"69",1964-04-01,0.0108318073724414,NA,4116.13634173961,NA,110.656,3.5,0.17,0.58148736,3.528,3.91,1964 Q2,1964
"70",1964-07-01,0.0155051874978602,NA,4176.43029302398,NA,110.434,5.5,0.13,0.57910564,3.411,3.78,1964 Q3,1964
"71",1964-10-01,0.00308714073952528,NA,4228.81806516509,NA,111.958,4.9,0.26,-0.10068004,3.523,3.897,1964 Q4,1964
"72",1965-01-01,0.0239109229581266,69.836114104122,4292.04515778186,4.9,110.468,5,0.16,0.4417973,3.427,4.05,1965 Q1,1965
"73",1965-04-01,0.0125555563704387,NA,4355.21129287603,NA,110.534,5.4,0.21,0.45671462,3.788,4.14,1965 Q2,1965
"74",1965-07-01,0.0219880851718078,NA,4426.79027672867,NA,109.029,5.2,0.17,0.59891476,3.783,3.976,1965 Q3,1965
"75",1965-10-01,0.0227776261537147,NA,4506.85900318029,NA,108.366,6.9,0.12,0.52540609,3.986,4.346,1965 Q4,1965
"76",1966-01-01,0.0240468950027112,71.2003951910798,4595.93489905414,4,108.456,8.2,0.15,0.52984968,4.266,4.886,1966 Q1,1966
"77",1966-04-01,0.00340888779331628,NA,4673.42560077425,NA,109.803,5.8,0.24,0.31715009,4.418,4.93,1966 Q2,1966
"78",1966-07-01,0.00843267058825756,NA,4745.10700612416,NA,110.184,-0.1,0.32,0.23854742,4.52,5.106,1966 Q3,1966
"79",1966-10-01,0.0081705641351856,NA,4811.25516970629,NA,109.71,2.3,0.39,0.2062513,5.157,6,1966 Q4,1966
"80",1967-01-01,0.00881893179998406,71.9458792458018,4873.07703864947,3.9,109.782,1.7,0.16,0.25913855,4.47,5.013,1967 Q1,1967
"81",1967-04-01,0.000613326570662234,NA,4923.03731174437,NA,110.529,0.1,0.2,0.075225392,4.062,4.14,1967 Q2,1967
"82",1967-07-01,0.00941628754776244,NA,4971.11232199175,NA,110.503,5.7,0.12,0.090833083,3.707,5.061,1967 Q3,1967
"83",1967-10-01,0.00751026047667014,NA,5015.82711799303,NA,110.627,6.4,0.13,0.18720774,4.154,5.358,1967 Q4,1967
"84",1968-01-01,0.0201875633819473,72.3937296572445,5070.51885649345,3.7,109.969,6.2,0.26,-0.15648813,4.343,5.944,1968 Q1,1968
"85",1968-04-01,0.0165657570686277,NA,5130.89499151603,NA,109.527,4.8,0.17,0.26521933,4.852,5.686,1968 Q2,1968
"86",1968-07-01,0.00771534563874355,NA,5187.39863602727,NA,110.56,1.8,0.16,0.091354599,5.285,5.9,1968 Q3,1968
"87",1968-10-01,0.00392004755424347,NA,5236.52821706443,NA,111.49,5.1,0.1,0.27742368,5.162,5.373,1968 Q4,1968
"88",1969-01-01,0.015523196020344,73.2194970729996,5291.35975577474,3.4,110.805,5.2,0.15,0.2438964,6.099,6.487,1969 Q1,1969
"89",1969-04-01,0.00302894756513721,NA,5338.23548340601,NA,112.265,1.8,0.16,-0.013381446,5.361,6.489,1969 Q2,1969
"90",1969-07-01,0.00657784203514927,NA,5381.86138964938,NA,113.027,-2.1,0.28,0.092920198,6.481,7.355,1969 Q3,1969
"91",1969-10-01,-0.0048940468378253,NA,5410.45813368714,NA,114.609,-1.6,0.24,-0.045289253,6.945,7.799,1969 Q4,1969
"92",1970-01-01,-0.00149002667538567,73.5662179146178,5429.4566178472,3.9,115.082,-3,0.49,-0.67932645,6.787,8.024,1970 Q1,1970
"93",1970-04-01,0.00141618089247388,NA,5443.27225878964,NA,113.539,-1.8,0.26,-0.46197704,6.415,6.606,1970 Q2,1970
"94",1970-07-01,0.00917247775988077,NA,5461.10683120349,NA,113.02,-2.5,0.25,-0.12198694,5.93,7.187,1970 Q3,1970
"95",1970-10-01,-0.0107735586615982,NA,5461.52627065296,NA,113.538,2.4,0.14,-0.94669867,5.819,6.59,1970 Q4,1970
"96",1971-01-01,0.0267991651846544,73.5374887759494,5487.11314153782,5.9,111.383,3.5,0.07,0.15125275,4.439,4.883,1971 Q1,1971
"97",1971-04-01,0.00539359526214242,NA,5512.5005610045,NA,111.345,5.4,0.07,0.25742431,3.406,3.756,1971 Q2,1971
"98",1971-07-01,0.00819083161848571,NA,5540.94237919011,NA,110.783,6.3,0.04,0.1062416,5.019,6.056,1971 Q3,1971
"99",1971-10-01,0.00234589265219488,NA,5565.76800307481,NA,112.095,4.6,0.06,0.24937804,4.531,5.268,1971 Q4,1971
"100",1972-01-01,0.0182054300237368,74.2721594493237,5605.21816426401,5.8,112.076,8.3,0.03,0.72184893,3.351,4.179,1972 Q1,1972
"101",1972-04-01,0.0224392220093791,NA,5663.00480543077,NA,110.759,5.9,0.05,0.61627916,3.483,4.934,1972 Q2,1972
"102",1972-07-01,0.0093966095736263,NA,5722.28765599664,NA,110.912,7.1,0.04,0.1750777,3.625,5.248,1972 Q3,1972
"103",1972-10-01,0.0166057172280141,NA,5791.27744563331,NA,111.369,9.8,0.04,0.81917265,4.429,5.644,1972 Q4,1972
"104",1973-01-01,0.0244481117840047,75.4253458839405,5878.48050935925,4.9,111.132,9.1,0.06,0.42735177,4.867,5.525,1973 Q1,1973
"105",1973-04-01,0.0108285929301381,NA,5965.44848781251,NA,111.403,3.2,0.15,0.20307666,5.875,6.93,1973 Q2,1973
"106",1973-07-01,-0.00527225724354157,NA,6032.07098203824,NA,112.949,-0.9,0.14,0.085055874,7.436,7.556,1973 Q3,1973
"107",1973-10-01,0.0094475395311839,NA,6098.27640275906,NA,113.289,-1.8,0.39,0.082599271,7.335,7.66,1973 Q4,1973
"108",1974-01-01,-0.00863422048112655,76.1121657361614,6141.75900681813,5.1,113.582,0.2,0.41,-0.57640953,7.364,7.124,1974 Q1,1974
"109",1974-04-01,0.00237414958209743,NA,6178.43283878363,NA,112.758,-1.2,0.35,-0.29824332,8.5,8.115,1974 Q2,1974
"110",1974-07-01,-0.00949773487363987,NA,6194.67423864099,NA,113.766,-8.7,0.47,-0.64310585,7.681,8.608,1974 Q3,1974
"111",1974-10-01,-0.00389162026282198,NA,6199.79747624633,NA,112.443,-9,0.52,-0.86455931,6.17,7.892,1974 Q4,1974
"112",1975-01-01,-0.0122510822991365,75.7696996645077,6185.38147914837,8.1,111.316,-5.8,0.48,-1.555491,6.537,6.875,1975 Q1,1975
"113",1975-04-01,0.00712159304551527,NA,6177.29117364464,NA,110.219,-0.3,0.21,-0.36756657,5.274,6.19,1975 Q2,1975
"114",1975-07-01,0.0169755428584668,NA,6187.4520711518,NA,109.146,5.8,0.17,-0.12561728,5.651,6.701,1975 Q3,1975
"115",1975-10-01,0.0133810026840012,NA,6210.15884574621,NA,109.248,5.6,0.24,0.026815515,6.292,7.531,1975 Q4,1975
"116",1976-01-01,0.0222454023026545,76.2095178895585,6255.63993668726,7.9,108.487,6.5,0.2,0.39320287,5.172,5.974,1976 Q1,1976
"117",1976-04-01,0.00730697926256641,NA,6302.82070733882,NA,108.309,6.6,0.27,0.23496664,4.756,5.993,1976 Q2,1976
"118",1976-07-01,0.00545914754854837,NA,6349.03468757755,NA,108.807,6.7,0.22,0.12740472,5.296,6.342,1976 Q3,1976
"119",1976-10-01,0.00720005300857215,NA,6396.51094986241,NA,108.803,7,0.14,-0.093052934,5.082,5.722,1976 Q4,1976
"120",1977-01-01,0.0117925255230145,76.9482975776072,6451.03526266758,7.5,108.63,6.4,0.19,-0.0089846291,4.257,4.768,1977 Q1,1977
"121",1977-04-01,0.0192330879036164,NA,6521.76123992799,NA,108.625,8.6,0.09,0.38765338,4.541,5.352,1977 Q2,1977
"122",1977-07-01,0.017871007745394,NA,6605.33396066637,NA,108.171,6.5,0.1,0.20592485,4.949,5.609,1977 Q3,1977
"123",1977-10-01,1.99275978711132e-05,NA,6675.95311904681,NA,109.557,6.2,0.08,0.12046186,5.815,6.479,1977 Q4,1977
"124",1978-01-01,0.00319331732641077,77.8088840866153,6738.95968384157,6.4,111.097,5.3,0.13,-0.16949581,5.754,6.835,1978 Q1,1978
"125",1978-04-01,0.0379196044225287,NA,6843.28881477466,NA,108.844,6.8,0.06,0.75720201,6.497,7.164,1978 Q2,1978
"126",1978-07-01,0.0100072475974094,NA,6945.75256193269,NA,108.792,3.5,0.12,0.018558339,6.56,8.194,1978 Q3,1978
"127",1978-10-01,0.0133517219428579,NA,7051.00343813295,NA,108.605,3.1,0.09,0.11154746,8.019,8.553,1978 Q4,1978
"128",1979-01-01,0.00179432736928415,78.9504453616992,7141.65430813116,5.9,110.616,0.3,0.35,-0.2481786,8.428,10.142,1979 Q1,1979
"129",1979-04-01,0.00106688355954025,NA,7217.84413715548,NA,110.279,3.9,0.22,-0.64349096,9.642,9.578,1979 Q2,1979
"130",1979-07-01,0.0074005947959879,NA,7290.1884753444,NA,110.551,1.8,0.24,-0.52259242,8.99,9.107,1979 Q3,1979
"131",1979-10-01,0.00249733076700601,NA,7351.91025719281,NA,111.315,-3.7,0.19,-0.37280764,10.279,10.581,1979 Q4,1979
"132",1980-01-01,0.00314077414043076,79.1773483811498,7405.12452325214,6.3,111.065,-3.7,0.24,-0.69587029,9.344,11.156,1980 Q1,1980
"133",1980-04-01,-0.0208195798315736,NA,7415.90768084103,NA,112.081,-6,0.59,-1.6979751,15.051,14.88,1980 Q2,1980
"134",1980-07-01,-0.00118925438062412,NA,7417.77102275997,NA,112.69,2.2,0.15,-0.77595721,6.201,8.214,1980 Q3,1980
"135",1980-10-01,0.0184774684859222,NA,7440.84604421364,NA,112.081,0.7,0.13,-0.18080616,10.795,11.751,1980 Q4,1980
"136",1981-01-01,0.0194047266803593,79.1703974366029,7485.24406578271,7.5,109.746,-0.9,0.38,-0.84699807,12.528,12.811,1981 Q1,1981
"137",1981-04-01,-0.00743835315034435,NA,7509.06550278183,NA,110.851,-1.3,0.32,-0.60329968,13.017,12.603,1981 Q2,1981
"138",1981-07-01,0.011903887506921,NA,7543.53649747172,NA,109.962,-5.2,0.48,-0.75202917,14.411,13.906,1981 Q3,1981
"139",1981-10-01,-0.0109557631202328,NA,7553.57837451217,NA,110.933,-3.6,0.58,-0.9914177,13.997,15.433,1981 Q4,1981
"140",1982-01-01,-0.0156584018269083,79.400384810612,7535.32262282265,8.6,112.976,-2.3,0.54,-1.3036246,9.636,12.9,1982 Q1,1982
"141",1982-04-01,0.00455139794138199,NA,7522.04508298339,NA,112.377,-2.5,0.4,-1.1749592,13.421,13.657,1982 Q2,1982
"142",1982-07-01,-0.00382999342805677,NA,7501.49456786697,NA,112.539,-0.2,0.44,-1.1192515,11.779,13.963,1982 Q3,1982
"143",1982-10-01,0.000400007865809927,NA,7481.16745027947,NA,111.987,1.3,0.41,-1.0375643,7.019,10.203,1982 Q4,1982
"144",1983-01-01,0.0130918308749907,79.1415269403744,7480.2561000129,10.4,111.202,6.9,0.11,-0.0072535155,8.06,8.491,1983 Q1,1983
"145",1983-04-01,0.0225001645449148,NA,7511.50670634178,NA,109.368,7.9,0.16,-0.0065674202,8.572,9.119,1983 Q2,1983
"146",1983-07-01,0.0197923783068282,NA,7568.10494147181,NA,107.875,8.5,0.11,0.33620195,8.695,9.399,1983 Q3,1983
"147",1983-10-01,0.0206471982740039,NA,7649.04084446127,NA,107.947,7,0.14,0.15993538,8.755,9.649,1983 Q4,1983
"148",1984-01-01,0.0193592971005692,80.5000846387873,7749.82119208442,8,108.463,8.6,0.11,0.36210518,8.643,9.803,1984 Q1,1984
"149",1984-04-01,0.0171300551005953,NA,7864.60238496432,NA,108.014,6.3,0.13,0.12460388,9.553,10.638,1984 Q2,1984
"150",1984-07-01,0.0095939311809877,NA,7979.07488220334,NA,108.199,3.1,0.23,-0.053477255,9.358,11.919,1984 Q3,1984
"151",1984-10-01,0.00817422921914224,NA,8090.28474661013,NA,108.391,2.6,0.21,-0.20536157,10.433,11.047,1984 Q4,1984
"152",1985-01-01,0.00964314731614686,81.4766452827453,8200.4990755768,7.3,108.214,6.7,0.12,-0.10371296,7.598,9.018,1985 Q1,1985
"153",1985-04-01,0.00876620007486079,NA,8307.92153198624,NA,108.25,5.6,0.11,-0.19524976,8.091,9.535,1985 Q2,1985
"154",1985-07-01,0.0151572603738279,NA,8423.48826770934,NA,107.682,5.6,0.1,-0.25656443,6.631,7.679,1985 Q3,1985
"155",1985-10-01,0.00740699182869154,NA,8532.74643546356,NA,109.037,4.9,0.09,-0.29997396,7.068,8.023,1985 Q4,1985
"156",1986-01-01,0.00929415155361375,82.2180157142097,8639.35253050669,6.7,108.741,4.8,0.06,0.05944443,5.905,7.479,1986 Q1,1986
"157",1986-04-01,0.00449285554507605,NA,8734.9332020162,NA,109.057,4.4,0.06,0.24219875,6.272,6.791,1986 Q2,1986
"158",1986-07-01,0.00952120945350197,NA,8829.40465070924,NA,109.796,2.6,0.09,0.045713991,5.885,6.418,1986 Q3,1986
"159",1986-10-01,0.00534959416711716,NA,8915.4396984271,NA,111.068,2.4,0.12,0.091250137,5.111,5.823,1986 Q4,1986
"160",1987-01-01,0.00739106799354032,82.7385415128374,8997.59773965421,6.6,111.43,3.2,0.15,-0.29319196,5.113,6.06,1987 Q1,1987
"161",1987-04-01,0.0107240675207461,NA,9082.4591265836,NA,110.877,0.7,0.11,0.074653551,5.202,6.182,1987 Q2,1987
"162",1987-07-01,0.00863439633307582,NA,9166.1162593195,NA,111.121,1.9,0.15,0.19210672,4.927,6.823,1987 Q3,1987
"163",1987-10-01,0.0170238373325574,NA,9264.4530574648,NA,110.991,-0.2,0.18,0.36212928,6.5,7.882,1987 Q4,1987
"164",1988-01-01,0.00515551288075297,83.536789131648,9353.95529616352,5.7,111.764,0.3,0.3,-0.036487163,3.687,7.242,1988 Q1,1988
"165",1988-04-01,0.0130547376755251,NA,9450.49697849262,NA,111.811,2.6,0.15,0.081680291,5.734,6.849,1988 Q2,1988
"166",1988-07-01,0.00584259520477572,NA,9539.72624349892,NA,111.587,1.2,0.21,0.04150433,6.54,7.509,1988 Q3,1988
"167",1988-10-01,0.0132365693740343,NA,9636.71541628565,NA,110.881,2.7,0.13,0.058215972,7.09,7.974,1988 Q4,1988
"168",1989-01-01,0.010112643926212,84.2198186729081,9734.79161352475,5.4,110.566,2.5,0.13,0.10047925,6.611,8.896,1989 Q1,1989
"169",1989-04-01,0.00760202780034666,NA,9828.97866414607,NA,109.322,1.5,0.2,-0.21510135,8.775,9.621,1989 Q2,1989
"170",1989-07-01,0.00738005651708882,NA,9919.29050960365,NA,109.012,1.3,0.28,-0.47679186,8.254,8.118,1989 Q3,1989
"171",1989-10-01,0.00196787302096089,NA,9995.40702366159,NA,109.994,2.1,0.13,-0.38055595,7.754,8.309,1989 Q4,1989
"172",1990-01-01,0.0108695324620922,84.7172653827962,10076.7760442612,5.4,110.029,6.5,0.05,-0.33670683,6.264,7.757,1990 Q1,1990
"173",1990-04-01,0.00362312883683897,NA,10148.4831337316,NA,110.315,-0.3,0.37,-0.3939778,7.999,8.287,1990 Q2,1990
"174",1990-07-01,0.000665595235618018,NA,10205.7108285303,NA,110.475,2,0.24,-0.40179319,7.641,7.947,1990 Q3,1990
"175",1990-10-01,-0.00914574064807198,NA,10230.4633021645,NA,111.457,-0.3,0.35,-0.78924614,7.019,7.584,1990 Q4,1990
"176",1991-01-01,-0.00469038914850725,84.8279823095166,10235.6873953896,6.4,110.748,-1.1,0.49,-0.82317754,5.447,6.918,1991 Q1,1991
"177",1991-04-01,0.00776665189406222,NA,10249.0826082591,NA,110.486,0.2,0.31,-0.35947831,5.887,6.352,1991 Q2,1991
"178",1991-07-01,0.00504086035340601,NA,10265.0484340902,NA,110.134,2.4,0.24,-0.32308979,5.183,6.313,1991 Q3,1991
"179",1991-10-01,0.00347938834810761,NA,10280.7265451511,NA,110.7,2.1,0.25,-0.3192312,4.989,5.371,1991 Q4,1991
"180",1992-01-01,0.0119014184214265,85.0417294176938,10313.8517591262,7.3,111.144,4.8,0.22,-0.17471865,3.717,4.171,1992 Q1,1992
"181",1992-04-01,0.0107846685927113,NA,10360.8635527568,NA,110.781,2.9,0.21,0.038935958,4.011,4.609,1992 Q2,1992
"182",1992-07-01,0.00983260299874445,NA,10418.6522074534,NA,110.515,3.6,0.2,-0.022533885,3.513,4.063,1992 Q3,1992
"183",1992-10-01,0.0103745537233155,NA,10487.4000067401,NA,109.614,4,0.22,-0.0010072203,2.69,3.105,1992 Q4,1992
"184",1993-01-01,0.00166804526206002,85.8346757023237,10547.4878115574,7.3,108.989,3.5,0.2,0.048754548,2.924,3.651,1993 Q1,1993
"185",1993-04-01,0.00580482877342446,NA,10608.5167582355,NA,109.826,2.6,0.24,0.074908689,2.863,3.352,1993 Q2,1993
"186",1993-07-01,0.00476020047476225,NA,10668.1416193719,NA,109.073,3.8,0.19,0.016693559,2.863,3.5,1993 Q3,1993
"187",1993-10-01,0.0135098230200758,NA,10745.4228456329,NA,108.844,4.4,0.14,0.12080212,2.782,3.373,1993 Q4,1993
"188",1994-01-01,0.00965685203258748,86.3123388713041,10830.268782172,6.6,107.531,4.8,0.18,0.14226482,2.944,3.636,1994 Q1,1994
"189",1994-04-01,0.0134608215753366,NA,10930.2628465457,NA,107.839,4.5,0.12,0.29430613,3.392,4.477,1994 Q2,1994
"190",1994-07-01,0.00582882489940704,NA,11026.7131309715,NA,107.747,2.6,0.17,0.19828088,3.524,5.427,1994 Q3,1994
"191",1994-10-01,0.011390581866788,NA,11132.2464308731,NA,106.904,3.3,0.15,0.34196538,4.491,5.88,1994 Q4,1994
"192",1995-01-01,0.00354152646081226,87.0634646769455,11227.9416321534,5.6,107.018,2.1,0.18,0.22047816,4.735,7.142,1995 Q1,1995
"193",1995-04-01,0.00297878746509065,NA,11313.2740260121,NA,106.946,3.1,0.21,-0.12363841,5.774,6.349,1995 Q2,1995
"194",1995-07-01,0.00847127226070515,NA,11401.7681095805,NA,107.188,3.7,0.17,-0.12498966,5.326,5.552,1995 Q3,1995
"195",1995-10-01,0.00676786674693103,NA,11489.1938565583,NA,107.205,1.9,0.14,-0.192254,5.357,5.648,1995 Q4,1995
"196",1996-01-01,0.007462586730999,87.4700035088382,11577.272984033,5.6,107.36,4.5,0.16,-0.34149853,4.582,5.086,1996 Q1,1996
"197",1996-04-01,0.016541866808908,NA,11687.3697453556,NA,106.893,3.3,0.11,0.13577023,5.194,5.418,1996 Q2,1996
"198",1996-07-01,0.00893034293271296,NA,11799.328998934,NA,106.943,3.5,0.1,0.0018787634,4.817,5.644,1996 Q3,1996
"199",1996-10-01,0.0103301550493692,NA,11916.2099771031,NA,106.916,3.9,0.13,-0.0054157699,4.989,5.664,1996 Q4,1996
"200",1997-01-01,0.00643369133807591,88.2811497399221,12027.9496962716,5.3,107.74,3.9,0.13,0.1643005,4.874,5.456,1997 Q1,1997
"201",1997-04-01,0.0165150510026746,NA,12159.6977140153,NA,106.789,2,0.13,0.2033459,5.223,5.911,1997 Q2,1997
"202",1997-07-01,0.0124083863193777,NA,12299.3872908283,NA,106.602,4.7,0.1,0.28925721,5.045,5.608,1997 Q3,1997
"203",1997-10-01,0.00850235504937171,NA,12436.2537494635,NA,107.75,3.5,0.09,0.30415538,4.749,5.563,1997 Q4,1997
"204",1998-01-01,0.0099874898863502,89.1072636982301,12574.1475619152,4.6,108.869,4.2,0.09,0.26285644,5.108,5.411,1998 Q1,1998
"205",1998-04-01,0.00921429648192226,NA,12710.8675346218,NA,109.588,3.9,0.11,0.1984901,5.23,5.315,1998 Q2,1998
"206",1998-07-01,0.012510815076936,NA,12855.0092056379,NA,109.554,2.1,0.11,-0.046670026,4.703,5.337,1998 Q3,1998
"207",1998-10-01,0.0159638624905252,NA,13014.9975946796,NA,109.387,4.9,0.06,0.11512364,4.028,4.569,1998 Q4,1998
"208",1999-01-01,0.00935048512744718,90.009636380661,13171.7027894697,4.3,109.746,3.9,0.06,0.20129016,4.394,4.438,1999 Q1,1999
"209",1999-04-01,0.00831278184956954,NA,13322.4882609254,NA,109.469,2.1,0.14,0.013683316,4.558,4.665,1999 Q2,1999
"210",1999-07-01,0.0131717032857808,NA,13481.0668961066,NA,109.069,3.4,0.1,0.26534234,4.438,5.178,1999 Q3,1999
"211",1999-10-01,0.0162735356710667,NA,13655.3726988281,NA,109.112,3.4,0.08,0.365587,4.501,5.372,1999 Q4,1999
"212",2000-01-01,0.00362136900805158,90.9057244973338,13808.6399675485,4,112.671,4.3,0.07,0.28693509,5.102,5.893,2000 Q1,2000
"213",2000-04-01,0.0180490103449794,NA,13983.4150066947,NA,110.318,2.7,0.12,0.3017074,5.856,6.299,2000 Q2,2000
"214",2000-07-01,0.00101880670371826,NA,14129.3235338415,NA,111.867,3.9,0.1,-0.044645352,5.629,6.394,2000 Q3,2000
"215",2000-10-01,0.00595263578488895,NA,14263.264161636,NA,110.994,3.6,0.11,-0.044773925,5.92,6.191,2000 Q4,2000
"216",2001-01-01,-0.00328337244914248,91.452712850843,14360.2384155542,4.2,113.468,4.6,0.09,-0.42364309,5.769,5.428,2001 Q1,2001
"217",2001-04-01,0.00622560991477131,NA,14451.5688352003,NA,111.536,3,0.17,-0.32096154,4.432,4.154,2001 Q2,2001
"218",2001-07-01,-0.00401443904181734,NA,14509.0942429439,NA,110.92,1.1,0.17,0.027982719,3.415,3.878,2001 Q3,2001
"219",2001-10-01,0.00274398630235728,NA,14556.3312177616,NA,110.343,0.4,0.16,NA,2.378,2.515,2001 Q4,2001
"220",2002-01-01,0.00832880556889635,91.484690505235,14611.2355274243,5.7,108.599,3.3,0.09,NA,1.636,2.052,2002 Q1,2002
"221",2002-04-01,0.00610837169347009,NA,14667.4599565702,NA,108.882,2.3,0.12,NA,1.71,2.689,2002 Q2,2002
"222",2002-07-01,0.00405687404737823,NA,14719.5795466699,NA,108.34,3.8,0.07,NA,1.667,1.941,2002 Q3,2002
"223",2002-10-01,0.0012352872439737,NA,14760.3762252106,NA,108.311,3,0.09,NA,1.57,1.43,2002 Q4,2002
"224",2003-01-01,0.00525260076585084,91.8624926453326,14803.3655178855,5.8,107.445,2.7,0.07,NA,1.136,1.209,2003 Q1,2003
"225",2003-04-01,0.00881723045286791,NA,14859.4605118804,NA,107.675,1,0.11,NA,NA,NA,2003 Q2,2003
"226",2003-07-01,0.0164952025859426,NA,14950.8941421095,NA,106.592,4,0.06,NA,NA,NA,2003 Q3,2003
"227",2003-10-01,0.0115403670474026,NA,15059.7294625381,NA,106.729,4.4,0.04,NA,NA,NA,2003 Q4,2003
"228",2004-01-01,0.00565052023890169,92.6713832906085,15166.2720048197,5.7,105.846,NA,NA,NA,NA,NA,2004 Q1,2004
"229",2004-04-01,0.00771964991894203,NA,15276.9885641233,NA,106.242,NA,NA,NA,NA,NA,2004 Q2,2004
"230",2004-07-01,0.00944122988517107,NA,15396.7437724628,NA,107.001,NA,NA,NA,NA,NA,2004 Q3,2004
"231",2004-10-01,0.0101503913211337,NA,15526.8117046577,NA,105.946,NA,NA,NA,NA,NA,2004 Q4,2004
"232",2005-01-01,0.0110325505292355,93.3070895802108,15668.8801459891,5.3,104.569,NA,NA,NA,NA,NA,2005 Q1,2005
"233",2005-04-01,0.0049141503086247,NA,15802.0409817432,NA,104.541,NA,NA,NA,NA,NA,2005 Q2,2005
"234",2005-07-01,0.00780758170113137,NA,15936.2249152091,NA,104.162,NA,NA,NA,NA,NA,2005 Q3,2005
"235",2005-10-01,0.00553979237207669,NA,16063.8656777969,NA,103.834,NA,NA,NA,NA,NA,2005 Q4,2005
"236",2006-01-01,0.013364138447713,93.873883441771,16211.077065831,4.7,104.464,NA,NA,NA,NA,NA,2006 Q1,2006
"237",2006-04-01,0.00258418574889825,NA,16340.4420862432,NA,103.806,NA,NA,NA,NA,NA,2006 Q2,2006
"238",2006-07-01,0.00149843604008001,NA,16450.0384793507,NA,103.784,NA,NA,NA,NA,NA,2006 Q3,2006
"239",2006-10-01,0.00855777556541729,NA,16565.3037814092,NA,104.677,NA,NA,NA,NA,NA,2006 Q4,2006
"240",2007-01-01,0.00300384061713063,94.3784679565795,16667.367579111,4.6,106.141,NA,NA,NA,NA,NA,2007 Q1,2007
"241",2007-04-01,0.00609898291467973,NA,16768.0986170099,NA,105.04,NA,NA,NA,NA,NA,2007 Q2,2007
"242",2007-07-01,0.00574373110930726,NA,16866.7109723512,NA,104.076,NA,NA,NA,NA,NA,2007 Q3,2007
"243",2007-10-01,0.00626271551219566,NA,16965.4486587631,NA,104.219,NA,NA,NA,NA,NA,2007 Q4,2007
"244",2008-01-01,-0.00427677559003176,94.78906068625,17028.7827315005,5,105.728,NA,NA,NA,NA,NA,2008 Q1,2008
"245",2008-04-01,0.00593662593131607,NA,17095.3754273809,NA,104.268,NA,NA,NA,NA,NA,2008 Q2,2008
"246",2008-07-01,-0.00526642380278533,NA,17127.3643142917,NA,104.114,NA,NA,NA,NA,NA,2008 Q3,2008
"247",2008-10-01,-0.0221334127394854,NA,17072.8395252493,NA,105.813,NA,NA,NA,NA,NA,2008 Q4,2008
"248",2009-01-01,-0.0114136313599019,94.2885159014761,16978.5962625657,7.8,101.966,NA,NA,NA,NA,NA,2009 Q1,2009
"249",2009-04-01,-0.00178810721762702,NA,16882.2070295527,NA,102.953,NA,NA,NA,NA,NA,2009 Q2,2009
"250",2009-07-01,0.00350577154713937,NA,16802.9045190953,NA,102.07,NA,NA,NA,NA,NA,2009 Q3,2009
"251",2009-10-01,0.0107511353792448,NA,16764.2454570625,NA,101.04,NA,NA,NA,NA,NA,2009 Q4,2009
"252",2010-01-01,0.00483331022067769,94.3090088640536,16743.5302893985,9.8,99.364,NA,NA,NA,NA,NA,2010 Q1,2010
"253",2010-04-01,0.00962934982260898,NA,16755.5545228067,NA,99.757,NA,NA,NA,NA,NA,2010 Q2,2010
"254",2010-07-01,0.00768127270500267,NA,16790.7828223661,NA,99.475,NA,NA,NA,NA,NA,2010 Q3,2010
"255",2010-10-01,0.00523736364445199,NA,16838.5361328647,NA,99.046,NA,NA,NA,NA,NA,2010 Q4,2010
"256",2011-01-01,-0.00237486673605031,94.8415736114328,16871.3778255667,9.1,101.109,NA,NA,NA,NA,NA,2011 Q1,2011
"257",2011-04-01,0.00674303746866635,NA,16921.6939633135,NA,99.624,NA,NA,NA,NA,NA,2011 Q2,2011
"258",2011-07-01,-0.000223152255784089,NA,16963.6918399684,NA,100.098,NA,NA,NA,NA,NA,2011 Q3,2011
"259",2011-10-01,0.011167896811465,NA,17037.1386983068,NA,97.777,NA,NA,NA,NA,NA,2011 Q4,2011
"260",2012-01-01,0.00835094181878893,95.1400627659641,17128.9662841855,8.3,99.242,NA,NA,NA,NA,NA,2012 Q1,2012
"261",2012-04-01,0.00445341626632312,NA,17223.244360569,NA,98.858,NA,NA,NA,NA,NA,2012 Q2,2012
"262",2012-07-01,0.00143924376486284,NA,17308.599622706,NA,98.579,NA,NA,NA,NA,NA,2012 Q3,2012
"263",2012-10-01,0.00115573741575022,NA,17384.4879368781,NA,101.169,NA,NA,NA,NA,NA,2012 Q4,2012
"264",2013-01-01,0.00981725926551575,95.4407095004558,17482.1171448446,8,98.82,NA,NA,NA,NA,NA,2013 Q1,2013
"265",2013-04-01,0.00267278826513707,NA,17573.6765466878,NA,99.608,NA,NA,NA,NA,NA,2013 Q2,2013
"266",2013-07-01,0.00847789655249775,NA,17680.1526781938,NA,98.332,NA,NA,NA,NA,NA,2013 Q3,2013
"267",2013-10-01,0.0086796402382614,NA,17800.5305297833,NA,97.564,NA,NA,NA,NA,NA,2013 Q4,2013
"268",2014-01-01,-0.0034569281496585,96.0208652834523,17889.1163277148,6.6,100.134,NA,NA,NA,NA,NA,2014 Q1,2014
"269",2014-04-01,0.0128356902291492,NA,18007.9018577801,NA,98.259,NA,NA,NA,NA,NA,2014 Q2,2014
"270",2014-07-01,0.0120806483257801,NA,18151.1721733674,NA,97.528,NA,NA,NA,NA,NA,2014 Q3,2014
"271",2014-10-01,0.00504458601543358,NA,18290.0956910075,NA,99.081,NA,NA,NA,NA,NA,2014 Q4,2014
"272",2015-01-01,0.00896454787692479,96.5409943229078,18439.260557709,5.7,99.532,NA,NA,NA,NA,NA,2015 Q1,2015
"273",2015-04-01,0.00617494658253639,NA,18586.780360349,NA,99.497,NA,NA,NA,NA,NA,2015 Q2,2015
"274",2015-07-01,0.0039944621156903,NA,18724.1601209021,NA,99.628,NA,NA,NA,NA,NA,2015 Q3,2015
"275",2015-10-01,0.00184309172710504,NA,18843.9431668162,NA,100.051,NA,NA,NA,NA,NA,2015 Q4,2015
"276",2016-01-01,0.0057784665184716,96.9536554972231,18962.7394895745,4.8,99.922,NA,NA,NA,NA,NA,2016 Q1,2016
"277",2016-04-01,0.00320609566267417,NA,19070.8188681322,NA,99.518,NA,NA,NA,NA,NA,2016 Q2,2016
"278",2016-07-01,0.00706885919110385,NA,19184.1619929382,NA,99.188,NA,NA,NA,NA,NA,2016 Q3,2016
"279",2016-10-01,0.00552768528621087,NA,19296.4233724661,NA,99.193,NA,NA,NA,NA,NA,2016 Q4,2016
"280",2017-01-01,0.00485708733103624,97.3791181791877,19405.1977416572,4.7,99.69,NA,NA,NA,NA,NA,2017 Q1,2017
"281",2017-04-01,0.00558311101297743,NA,19513.7851199709,NA,100.139,NA,NA,NA,NA,NA,2017 Q2,2017
"282",2017-07-01,0.00785431525684785,NA,19631.290772951,NA,99.984,NA,NA,NA,NA,NA,2017 Q3,2017
"283",2017-10-01,0.011207427769394,NA,19770.3292435116,NA,100.197,NA,NA,NA,NA,NA,2017 Q4,2017
"284",2018-01-01,0.00810119454916927,97.9622439236094,19916.4216726263,4,99.892,NA,NA,NA,NA,NA,2018 Q1,2018
"285",2018-04-01,0.00529421230376881,NA,20057.406805184,NA,99.515,NA,NA,NA,NA,NA,2018 Q2,2018
"286",2018-07-01,0.00621760482522536,NA,20197.4023640233,NA,99.857,NA,NA,NA,NA,NA,2018 Q3,2018
"287",2018-10-01,0.00141543998318481,NA,20316.8412456155,NA,100.086,NA,NA,NA,NA,NA,2018 Q4,2018
"288",2019-01-01,0.00541631653224882,98.3789480119092,20434.1749516366,4,101.282,NA,NA,NA,NA,NA,2019 Q1,2019
"289",2019-04-01,0.00826245335840224,NA,20561.5212014201,NA,99.979,NA,NA,NA,NA,NA,2019 Q2,2019
"290",2019-07-01,0.011258144435872,NA,20710.5818658885,NA,99.084,NA,NA,NA,NA,NA,2019 Q3,2019
"291",2019-10-01,0.0063927081164955,NA,20858.9148877419,NA,99.726,NA,NA,NA,NA,NA,2019 Q4,2019
"292",2020-01-01,-0.0137223703656445,99.0014225607344,20922.2933174227,3.6,102.363,NA,NA,NA,NA,NA,2020 Q1,2020
"293",2020-04-01,-0.0821977489503983,NA,20640.17028176,NA,104.35,NA,NA,NA,NA,NA,2020 Q2,2020
"294",2020-07-01,0.0747291401362121,NA,20674.9572628632,NA,100.259,NA,NA,NA,NA,NA,2020 Q3,2020
"295",2020-10-01,0.010299026333228,NA,20741.7068332645,NA,103.088,NA,NA,NA,NA,NA,2020 Q4,2020
"296",2021-01-01,0.0127732823312856,98.784792513166,20848.1072077238,6.4,100.969,NA,NA,NA,NA,NA,2021 Q1,2021
"297",2021-04-01,0.0150831397984984,NA,21000.330169453,NA,100.932,NA,NA,NA,NA,NA,2021 Q2,2021
"298",2021-07-01,0.0081107407283698,NA,21163.7400225695,NA,101.343,NA,NA,NA,NA,NA,2021 Q3,2021
"299",2021-10-01,0.0168253790296212,NA,21374.6218085798,NA,100.083,NA,NA,NA,NA,NA,2021 Q4,2021
"300",2022-01-01,-0.00498921881323137,99.8369954047833,21531.97574474,4,99.852,NA,NA,NA,NA,NA,2022 Q1,2022
"301",2022-04-01,-0.00141372169320109,NA,21656.2367988123,NA,98.78,NA,NA,NA,NA,NA,2022 Q2,2022
"302",2022-07-01,0.00656459277974728,NA,21785.4114849093,NA,99.416,NA,NA,NA,NA,NA,2022 Q3,2022
"303",2022-10-01,0.00633412102881487,NA,21917.9951028292,NA,98.053,NA,NA,NA,NA,NA,2022 Q4,2022
"304",2023-01-01,0.00554838573622119,99.9668471386227,22050.1349978688,3.4,98.866,NA,NA,NA,NA,NA,2023 Q1,2023
"305",2023-04-01,0.0050982030340519,NA,22179.8306962771,NA,99.151,NA,NA,NA,NA,NA,2023 Q2,2023
"306",2023-07-01,0.0118680054211652,NA,22337.7485924133,NA,98.059,NA,NA,NA,NA,NA,2023 Q3,2023
"307",2023-10-01,0.00806703564592275,NA,22503.9485265474,NA,NA,NA,NA,NA,NA,NA,2023 Q4,2023
"308",1948-02-01,NA,NA,NA,3.8,NA,NA,NA,NA,NA,NA,1948 Q2,1948
"309",1948-03-01,NA,NA,NA,4,NA,NA,NA,NA,NA,NA,1948 Q3,1948
"310",1948-04-01,NA,59.5071717302015,NA,3.9,NA,NA,NA,NA,NA,NA,1948 Q4,1948
"311",1949-02-01,NA,NA,NA,4.7,NA,NA,NA,NA,NA,NA,1949 Q2,1949
"312",1949-03-01,NA,NA,NA,5,NA,NA,NA,NA,NA,NA,1949 Q3,1949
"313",1949-04-01,NA,59.6520986404968,NA,5.3,NA,NA,NA,NA,NA,NA,1949 Q4,1949
"314",1950-02-01,NA,NA,NA,6.4,NA,NA,NA,NA,NA,NA,1950 Q2,1950
"315",1950-03-01,NA,NA,NA,6.3,NA,NA,NA,NA,NA,NA,1950 Q3,1950
"316",1950-04-01,NA,60.2255365532709,NA,5.8,NA,NA,NA,NA,NA,NA,1950 Q4,1950
"317",1951-02-01,NA,NA,NA,3.4,NA,NA,NA,NA,NA,NA,1951 Q2,1951
"318",1951-03-01,NA,NA,NA,3.4,NA,NA,NA,NA,NA,NA,1951 Q3,1951
"319",1951-04-01,NA,61.7944349604673,NA,3.1,NA,NA,NA,NA,NA,NA,1951 Q4,1951
"320",1952-02-01,NA,NA,NA,3.1,NA,NA,NA,NA,NA,NA,1952 Q2,1952
"321",1952-03-01,NA,NA,NA,2.9,NA,NA,NA,NA,NA,NA,1952 Q3,1952
"322",1952-04-01,NA,62.5887809268789,NA,2.9,NA,NA,NA,NA,NA,NA,1952 Q4,1952
"323",1953-02-01,NA,NA,NA,2.6,NA,NA,NA,NA,NA,NA,1953 Q2,1953
"324",1953-03-01,NA,NA,NA,2.6,NA,NA,NA,NA,NA,NA,1953 Q3,1953
"325",1953-04-01,NA,63.5426720117491,NA,2.7,NA,NA,NA,NA,NA,NA,1953 Q4,1953
"326",1954-02-01,NA,NA,NA,5.2,NA,NA,NA,NA,NA,NA,1954 Q2,1954
"327",1954-03-01,NA,NA,NA,5.7,NA,NA,NA,NA,NA,NA,1954 Q3,1954
"328",1954-04-01,NA,63.2563461783785,NA,5.9,NA,NA,NA,NA,NA,NA,1954 Q4,1954
"329",1955-02-01,NA,NA,NA,4.7,NA,NA,NA,NA,NA,NA,1955 Q2,1955
"330",1955-03-01,NA,NA,NA,4.6,NA,NA,NA,NA,NA,NA,1955 Q3,1955
"331",1955-04-01,NA,64.212321399439,NA,4.7,NA,NA,NA,NA,NA,NA,1955 Q4,1955
"332",1956-02-01,NA,NA,NA,3.9,NA,NA,NA,NA,NA,NA,1956 Q2,1956
"333",1956-03-01,NA,NA,NA,4.2,NA,NA,NA,NA,NA,NA,1956 Q3,1956
"334",1956-04-01,NA,64.7207705213753,NA,4,NA,NA,NA,NA,NA,NA,1956 Q4,1956
"335",1957-02-01,NA,NA,NA,3.9,NA,NA,NA,NA,NA,NA,1957 Q2,1957
"336",1957-03-01,NA,NA,NA,3.7,NA,NA,NA,NA,NA,NA,1957 Q3,1957
"337",1957-04-01,NA,65.2050400919434,NA,3.9,NA,NA,NA,NA,NA,NA,1957 Q4,1957
"338",1958-02-01,NA,NA,NA,6.4,NA,NA,NA,NA,NA,NA,1958 Q2,1958
"339",1958-03-01,NA,NA,NA,6.7,NA,NA,NA,NA,NA,NA,1958 Q3,1958
"340",1958-04-01,NA,64.735224383019,NA,7.4,NA,NA,NA,NA,NA,NA,1958 Q4,1958
"341",1959-02-01,NA,NA,NA,5.9,NA,NA,NA,NA,NA,NA,1959 Q2,1959
"342",1959-03-01,NA,NA,NA,5.6,NA,NA,NA,NA,NA,NA,1959 Q3,1959
"343",1959-04-01,NA,65.8913863699476,NA,5.2,NA,NA,NA,NA,NA,NA,1959 Q4,1959
"344",1960-02-01,NA,NA,NA,4.8,NA,NA,NA,NA,NA,NA,1960 Q2,1960
"345",1960-03-01,NA,NA,NA,5.4,NA,NA,NA,NA,NA,NA,1960 Q3,1960
"346",1960-04-01,NA,66.6740036812627,NA,5.2,NA,NA,NA,NA,NA,NA,1960 Q4,1960
"347",1961-02-01,NA,NA,NA,6.9,NA,NA,NA,NA,NA,NA,1961 Q2,1961
"348",1961-03-01,NA,NA,NA,6.9,NA,NA,NA,NA,NA,NA,1961 Q3,1961
"349",1961-04-01,NA,66.5646709873009,NA,7,NA,NA,NA,NA,NA,NA,1961 Q4,1961
"350",1962-02-01,NA,NA,NA,5.5,NA,NA,NA,NA,NA,NA,1962 Q2,1962
"351",1962-03-01,NA,NA,NA,5.6,NA,NA,NA,NA,NA,NA,1962 Q3,1962
"352",1962-04-01,NA,67.7605769549607,NA,5.6,NA,NA,NA,NA,NA,NA,1962 Q4,1962
"353",1963-02-01,NA,NA,NA,5.9,NA,NA,NA,NA,NA,NA,1963 Q2,1963
"354",1963-03-01,NA,NA,NA,5.7,NA,NA,NA,NA,NA,NA,1963 Q3,1963
"355",1963-04-01,NA,68.3442670212878,NA,5.7,NA,NA,NA,NA,NA,NA,1963 Q4,1963
"356",1964-02-01,NA,NA,NA,5.4,NA,NA,NA,NA,NA,NA,1964 Q2,1964
"357",1964-03-01,NA,NA,NA,5.4,NA,NA,NA,NA,NA,NA,1964 Q3,1964
"358",1964-04-01,NA,69.3451966232606,NA,5.3,NA,NA,NA,NA,NA,NA,1964 Q4,1964
"359",1965-02-01,NA,NA,NA,5.1,NA,NA,NA,NA,NA,NA,1965 Q2,1965
"360",1965-03-01,NA,NA,NA,4.7,NA,NA,NA,NA,NA,NA,1965 Q3,1965
"361",1965-04-01,NA,70.2363234608129,NA,4.8,NA,NA,NA,NA,NA,NA,1965 Q4,1965
"362",1966-02-01,NA,NA,NA,3.8,NA,NA,NA,NA,NA,NA,1966 Q2,1966
"363",1966-03-01,NA,NA,NA,3.8,NA,NA,NA,NA,NA,NA,1966 Q3,1966
"364",1966-04-01,NA,71.6067904151046,NA,3.8,NA,NA,NA,NA,NA,NA,1966 Q4,1966
"365",1967-02-01,NA,NA,NA,3.8,NA,NA,NA,NA,NA,NA,1967 Q2,1967
"366",1967-03-01,NA,NA,NA,3.8,NA,NA,NA,NA,NA,NA,1967 Q3,1967
"367",1967-04-01,NA,72.0955629954312,NA,3.8,NA,NA,NA,NA,NA,NA,1967 Q4,1967
"368",1968-02-01,NA,NA,NA,3.8,NA,NA,NA,NA,NA,NA,1968 Q2,1968
"369",1968-03-01,NA,NA,NA,3.7,NA,NA,NA,NA,NA,NA,1968 Q3,1968
"370",1968-04-01,NA,72.7376669618597,NA,3.5,NA,NA,NA,NA,NA,NA,1968 Q4,1968
"371",1969-02-01,NA,NA,NA,3.4,NA,NA,NA,NA,NA,NA,1969 Q2,1969
"372",1969-03-01,NA,NA,NA,3.4,NA,NA,NA,NA,NA,NA,1969 Q3,1969
"373",1969-04-01,NA,73.4853970270073,NA,3.4,NA,NA,NA,NA,NA,NA,1969 Q4,1969
"374",1970-02-01,NA,NA,NA,4.2,NA,NA,NA,NA,NA,NA,1970 Q2,1970
"375",1970-03-01,NA,NA,NA,4.4,NA,NA,NA,NA,NA,NA,1970 Q3,1970
"376",1970-04-01,NA,73.5406599932939,NA,4.6,NA,NA,NA,NA,NA,NA,1970 Q4,1970
"377",1971-02-01,NA,NA,NA,5.9,NA,NA,NA,NA,NA,NA,1971 Q2,1971
"378",1971-03-01,NA,NA,NA,6,NA,NA,NA,NA,NA,NA,1971 Q3,1971
"379",1971-04-01,NA,73.9978341047532,NA,5.9,NA,NA,NA,NA,NA,NA,1971 Q4,1971
"380",1972-02-01,NA,NA,NA,5.7,NA,NA,NA,NA,NA,NA,1972 Q2,1972
"381",1972-03-01,NA,NA,NA,5.8,NA,NA,NA,NA,NA,NA,1972 Q3,1972
"382",1972-04-01,NA,74.5862844012217,NA,5.7,NA,NA,NA,NA,NA,NA,1972 Q4,1972
"383",1973-02-01,NA,NA,NA,5,NA,NA,NA,NA,NA,NA,1973 Q2,1973
"384",1973-03-01,NA,NA,NA,4.9,NA,NA,NA,NA,NA,NA,1973 Q3,1973
"385",1973-04-01,NA,75.8505963760193,NA,5,NA,NA,NA,NA,NA,NA,1973 Q4,1973
"386",1974-02-01,NA,NA,NA,5.2,NA,NA,NA,NA,NA,NA,1974 Q2,1974
"387",1974-03-01,NA,NA,NA,5.1,NA,NA,NA,NA,NA,NA,1974 Q3,1974
"388",1974-04-01,NA,75.9615864583443,NA,5.1,NA,NA,NA,NA,NA,NA,1974 Q4,1974
"389",1975-02-01,NA,NA,NA,8.1,NA,NA,NA,NA,NA,NA,1975 Q2,1975
"390",1975-03-01,NA,NA,NA,8.6,NA,NA,NA,NA,NA,NA,1975 Q3,1975
"391",1975-04-01,NA,75.5565687203419,NA,8.8,NA,NA,NA,NA,NA,NA,1975 Q4,1975
"392",1976-02-01,NA,NA,NA,7.7,NA,NA,NA,NA,NA,NA,1976 Q2,1976
"393",1976-03-01,NA,NA,NA,7.6,NA,NA,NA,NA,NA,NA,1976 Q3,1976
"394",1976-04-01,NA,76.5984088534457,NA,7.7,NA,NA,NA,NA,NA,NA,1976 Q4,1976
"395",1977-02-01,NA,NA,NA,7.6,NA,NA,NA,NA,NA,NA,1977 Q2,1977
"396",1977-03-01,NA,NA,NA,7.4,NA,NA,NA,NA,NA,NA,1977 Q3,1977
"397",1977-04-01,NA,77.1553251305948,NA,7.2,NA,NA,NA,NA,NA,NA,1977 Q4,1977
"398",1978-02-01,NA,NA,NA,6.3,NA,NA,NA,NA,NA,NA,1978 Q2,1978
"399",1978-03-01,NA,NA,NA,6.3,NA,NA,NA,NA,NA,NA,1978 Q3,1978
"400",1978-04-01,NA,77.8652303693441,NA,6.1,NA,NA,NA,NA,NA,NA,1978 Q4,1978
"401",1979-02-01,NA,NA,NA,5.9,NA,NA,NA,NA,NA,NA,1979 Q2,1979
"402",1979-03-01,NA,NA,NA,5.8,NA,NA,NA,NA,NA,NA,1979 Q3,1979
"403",1979-04-01,NA,78.9823352367821,NA,5.8,NA,NA,NA,NA,NA,NA,1979 Q4,1979
"404",1980-02-01,NA,NA,NA,6.3,NA,NA,NA,NA,NA,NA,1980 Q2,1980
"405",1980-03-01,NA,NA,NA,6.3,NA,NA,NA,NA,NA,NA,1980 Q3,1980
"406",1980-04-01,NA,79.2332525014993,NA,6.9,NA,NA,NA,NA,NA,NA,1980 Q4,1980
"407",1981-02-01,NA,NA,NA,7.4,NA,NA,NA,NA,NA,NA,1981 Q2,1981
"408",1981-03-01,NA,NA,NA,7.4,NA,NA,NA,NA,NA,NA,1981 Q3,1981
"409",1981-04-01,NA,79.5160917584144,NA,7.2,NA,NA,NA,NA,NA,NA,1981 Q4,1981
"410",1982-02-01,NA,NA,NA,8.9,NA,NA,NA,NA,NA,NA,1982 Q2,1982
"411",1982-03-01,NA,NA,NA,9,NA,NA,NA,NA,NA,NA,1982 Q3,1982
"412",1982-04-01,NA,79.1215756871576,NA,9.3,NA,NA,NA,NA,NA,NA,1982 Q4,1982
"413",1983-02-01,NA,NA,NA,10.4,NA,NA,NA,NA,NA,NA,1983 Q2,1983
"414",1983-03-01,NA,NA,NA,10.3,NA,NA,NA,NA,NA,NA,1983 Q3,1983
"415",1983-04-01,NA,79.374632180869,NA,10.2,NA,NA,NA,NA,NA,NA,1983 Q4,1983
"416",1984-02-01,NA,NA,NA,7.8,NA,NA,NA,NA,NA,NA,1984 Q2,1984
"417",1984-03-01,NA,NA,NA,7.8,NA,NA,NA,NA,NA,NA,1984 Q3,1984
"418",1984-04-01,NA,80.8478497702113,NA,7.7,NA,NA,NA,NA,NA,NA,1984 Q4,1984
"419",1985-02-01,NA,NA,NA,7.2,NA,NA,NA,NA,NA,NA,1985 Q2,1985
"420",1985-03-01,NA,NA,NA,7.2,NA,NA,NA,NA,NA,NA,1985 Q3,1985
"421",1985-04-01,NA,81.650824882356,NA,7.3,NA,NA,NA,NA,NA,NA,1985 Q4,1985
"422",1986-02-01,NA,NA,NA,7.2,NA,NA,NA,NA,NA,NA,1986 Q2,1986
"423",1986-03-01,NA,NA,NA,7.2,NA,NA,NA,NA,NA,NA,1986 Q3,1986
"424",1986-04-01,NA,82.3866499548371,NA,7.1,NA,NA,NA,NA,NA,NA,1986 Q4,1986
"425",1987-02-01,NA,NA,NA,6.6,NA,NA,NA,NA,NA,NA,1987 Q2,1987
"426",1987-03-01,NA,NA,NA,6.6,NA,NA,NA,NA,NA,NA,1987 Q3,1987
"427",1987-04-01,NA,82.8730555267196,NA,6.3,NA,NA,NA,NA,NA,NA,1987 Q4,1987
"428",1988-02-01,NA,NA,NA,5.7,NA,NA,NA,NA,NA,NA,1988 Q2,1988
"429",1988-03-01,NA,NA,NA,5.7,NA,NA,NA,NA,NA,NA,1988 Q3,1988
"430",1988-04-01,NA,83.6310569009081,NA,5.4,NA,NA,NA,NA,NA,NA,1988 Q4,1988
"431",1989-02-01,NA,NA,NA,5.2,NA,NA,NA,NA,NA,NA,1989 Q2,1989
"432",1989-03-01,NA,NA,NA,5,NA,NA,NA,NA,NA,NA,1989 Q3,1989
"433",1989-04-01,NA,84.405531148585,NA,5.2,NA,NA,NA,NA,NA,NA,1989 Q4,1989
"434",1990-02-01,NA,NA,NA,5.3,NA,NA,NA,NA,NA,NA,1990 Q2,1990
"435",1990-03-01,NA,NA,NA,5.2,NA,NA,NA,NA,NA,NA,1990 Q3,1990
"436",1990-04-01,NA,84.9174741928138,NA,5.4,NA,NA,NA,NA,NA,NA,1990 Q4,1990
"437",1991-02-01,NA,NA,NA,6.6,NA,NA,NA,NA,NA,NA,1991 Q2,1991
"438",1991-03-01,NA,NA,NA,6.8,NA,NA,NA,NA,NA,NA,1991 Q3,1991
"439",1991-04-01,NA,84.741605364025,NA,6.7,NA,NA,NA,NA,NA,NA,1991 Q4,1991
"440",1992-02-01,NA,NA,NA,7.4,NA,NA,NA,NA,NA,NA,1992 Q2,1992
"441",1992-03-01,NA,NA,NA,7.4,NA,NA,NA,NA,NA,NA,1992 Q3,1992
"442",1992-04-01,NA,85.2613762354179,NA,7.4,NA,NA,NA,NA,NA,NA,1992 Q4,1992
"443",1993-02-01,NA,NA,NA,7.1,NA,NA,NA,NA,NA,NA,1993 Q2,1993
"444",1993-03-01,NA,NA,NA,7,NA,NA,NA,NA,NA,NA,1993 Q3,1993
"445",1993-04-01,NA,85.8655863643082,NA,7.1,NA,NA,NA,NA,NA,NA,1993 Q4,1993
"446",1994-02-01,NA,NA,NA,6.6,NA,NA,NA,NA,NA,NA,1994 Q2,1994
"447",1994-03-01,NA,NA,NA,6.5,NA,NA,NA,NA,NA,NA,1994 Q3,1994
"448",1994-04-01,NA,86.4918650008718,NA,6.4,NA,NA,NA,NA,NA,NA,1994 Q4,1994
"449",1995-02-01,NA,NA,NA,5.4,NA,NA,NA,NA,NA,NA,1995 Q2,1995
"450",1995-03-01,NA,NA,NA,5.4,NA,NA,NA,NA,NA,NA,1995 Q3,1995
"451",1995-04-01,NA,87.1295676314132,NA,5.8,NA,NA,NA,NA,NA,NA,1995 Q4,1995
"452",1996-02-01,NA,NA,NA,5.5,NA,NA,NA,NA,NA,NA,1996 Q2,1996
"453",1996-03-01,NA,NA,NA,5.5,NA,NA,NA,NA,NA,NA,1996 Q3,1996
"454",1996-04-01,NA,87.609647480097,NA,5.6,NA,NA,NA,NA,NA,NA,1996 Q4,1996
"455",1997-02-01,NA,NA,NA,5.2,NA,NA,NA,NA,NA,NA,1997 Q2,1997
"456",1997-03-01,NA,NA,NA,5.2,NA,NA,NA,NA,NA,NA,1997 Q3,1997
"457",1997-04-01,NA,88.4020905495195,NA,5.1,NA,NA,NA,NA,NA,NA,1997 Q4,1997
"458",1998-02-01,NA,NA,NA,4.6,NA,NA,NA,NA,NA,NA,1998 Q2,1998
"459",1998-03-01,NA,NA,NA,4.7,NA,NA,NA,NA,NA,NA,1998 Q3,1998
"460",1998-04-01,NA,89.2959205533324,NA,4.3,NA,NA,NA,NA,NA,NA,1998 Q4,1998
"461",1999-02-01,NA,NA,NA,4.4,NA,NA,NA,NA,NA,NA,1999 Q2,1999
"462",1999-03-01,NA,NA,NA,4.2,NA,NA,NA,NA,NA,NA,1999 Q3,1999
"463",1999-04-01,NA,90.187146291244,NA,4.3,NA,NA,NA,NA,NA,NA,1999 Q4,1999
"464",2000-02-01,NA,NA,NA,4.1,NA,NA,NA,NA,NA,NA,2000 Q2,2000
"465",2000-03-01,NA,NA,NA,4,NA,NA,NA,NA,NA,NA,2000 Q3,2000
"466",2000-04-01,NA,90.9747931304511,NA,3.8,NA,NA,NA,NA,NA,NA,2000 Q4,2000
"467",2001-02-01,NA,NA,NA,4.2,NA,NA,NA,NA,NA,NA,2001 Q2,2001
"468",2001-03-01,NA,NA,NA,4.3,NA,NA,NA,NA,NA,NA,2001 Q3,2001
"469",2001-04-01,NA,91.3899252511823,NA,4.4,NA,NA,NA,NA,NA,NA,2001 Q4,2001
"470",2002-02-01,NA,NA,NA,5.7,NA,NA,NA,NA,NA,NA,2002 Q2,2002
"471",2002-03-01,NA,NA,NA,5.7,NA,NA,NA,NA,NA,NA,2002 Q3,2002
"472",2002-04-01,NA,91.6440859762711,NA,5.9,NA,NA,NA,NA,NA,NA,2002 Q4,2002
"473",2003-02-01,NA,NA,NA,5.9,NA,NA,NA,NA,NA,NA,2003 Q2,2003
"474",2003-03-01,NA,NA,NA,5.9,NA,NA,NA,NA,NA,NA,2003 Q3,2003
"475",2003-04-01,NA,91.963207258336,NA,6,NA,NA,NA,NA,NA,NA,2003 Q4,2003
"476",2004-02-01,NA,NA,NA,5.6,NA,NA,NA,NA,NA,NA,2004 Q2,2004
"477",2004-03-01,NA,NA,NA,5.8,NA,NA,NA,NA,NA,NA,2004 Q3,2004
"478",2004-04-01,NA,92.7802057892663,NA,5.6,NA,NA,NA,NA,NA,NA,2004 Q4,2004
"479",2005-02-01,NA,NA,NA,5.4,NA,NA,NA,NA,NA,NA,2005 Q2,2005
"480",2005-03-01,NA,NA,NA,5.2,NA,NA,NA,NA,NA,NA,2005 Q3,2005
"481",2005-04-01,NA,93.5203504537541,NA,5.2,NA,NA,NA,NA,NA,NA,2005 Q4,2005
"482",2006-02-01,NA,NA,NA,4.8,NA,NA,NA,NA,NA,NA,2006 Q2,2006
"483",2006-03-01,NA,NA,NA,4.7,NA,NA,NA,NA,NA,NA,2006 Q3,2006
"484",2006-04-01,NA,94.1330284029041,NA,4.7,NA,NA,NA,NA,NA,NA,2006 Q4,2006
"485",2007-02-01,NA,NA,NA,4.5,NA,NA,NA,NA,NA,NA,2007 Q2,2007
"486",2007-03-01,NA,NA,NA,4.4,NA,NA,NA,NA,NA,NA,2007 Q3,2007
"487",2007-04-01,NA,94.4368407503553,NA,4.5,NA,NA,NA,NA,NA,NA,2007 Q4,2007
"488",2008-02-01,NA,NA,NA,4.9,NA,NA,NA,NA,NA,NA,2008 Q2,2008
"489",2008-03-01,NA,NA,NA,5.1,NA,NA,NA,NA,NA,NA,2008 Q3,2008
"490",2008-04-01,NA,94.7058018818479,NA,5,NA,NA,NA,NA,NA,NA,2008 Q4,2008
"491",2009-02-01,NA,NA,NA,8.3,NA,NA,NA,NA,NA,NA,2009 Q2,2009
"492",2009-03-01,NA,NA,NA,8.7,NA,NA,NA,NA,NA,NA,2009 Q3,2009
"493",2009-04-01,NA,94.0669882608316,NA,9,NA,NA,NA,NA,NA,NA,2009 Q4,2009
"494",2010-02-01,NA,NA,NA,9.8,NA,NA,NA,NA,NA,NA,2010 Q2,2010
"495",2010-03-01,NA,NA,NA,9.9,NA,NA,NA,NA,NA,NA,2010 Q3,2010
"496",2010-04-01,NA,94.4029075073997,NA,9.9,NA,NA,NA,NA,NA,NA,2010 Q4,2010
"497",2011-02-01,NA,NA,NA,9,NA,NA,NA,NA,NA,NA,2011 Q2,2011
"498",2011-03-01,NA,NA,NA,9,NA,NA,NA,NA,NA,NA,2011 Q3,2011
"499",2011-04-01,NA,94.7953231937561,NA,9.1,NA,NA,NA,NA,NA,NA,2011 Q4,2011
"500",2012-02-01,NA,NA,NA,8.3,NA,NA,NA,NA,NA,NA,2012 Q2,2012
"501",2012-03-01,NA,NA,NA,8.2,NA,NA,NA,NA,NA,NA,2012 Q3,2012
"502",2012-04-01,NA,95.303042289155,NA,8.2,NA,NA,NA,NA,NA,NA,2012 Q4,2012
"503",2013-02-01,NA,NA,NA,7.7,NA,NA,NA,NA,NA,NA,2013 Q2,2013
"504",2013-03-01,NA,NA,NA,7.5,NA,NA,NA,NA,NA,NA,2013 Q3,2013
"505",2013-04-01,NA,95.6326228752251,NA,7.6,NA,NA,NA,NA,NA,NA,2013 Q4,2013
"506",2014-02-01,NA,NA,NA,6.7,NA,NA,NA,NA,NA,NA,2014 Q2,2014
"507",2014-03-01,NA,NA,NA,6.7,NA,NA,NA,NA,NA,NA,2014 Q3,2014
"508",2014-04-01,NA,95.953128192136,NA,6.2,NA,NA,NA,NA,NA,NA,2014 Q4,2014
"509",2015-02-01,NA,NA,NA,5.5,NA,NA,NA,NA,NA,NA,2015 Q2,2015
"510",2015-03-01,NA,NA,NA,5.4,NA,NA,NA,NA,NA,NA,2015 Q3,2015
"511",2015-04-01,NA,96.7172375127541,NA,5.4,NA,NA,NA,NA,NA,NA,2015 Q4,2015
"512",2016-02-01,NA,NA,NA,4.9,NA,NA,NA,NA,NA,NA,2016 Q2,2016
"513",2016-03-01,NA,NA,NA,5,NA,NA,NA,NA,NA,NA,2016 Q3,2016
"514",2016-04-01,NA,97.0674842837693,NA,5.1,NA,NA,NA,NA,NA,NA,2016 Q4,2016
"515",2017-02-01,NA,NA,NA,4.6,NA,NA,NA,NA,NA,NA,2017 Q2,2017
"516",2017-03-01,NA,NA,NA,4.4,NA,NA,NA,NA,NA,NA,2017 Q3,2017
"517",2017-04-01,NA,97.4750020799317,NA,4.4,NA,NA,NA,NA,NA,NA,2017 Q4,2017
"518",2018-02-01,NA,NA,NA,4.1,NA,NA,NA,NA,NA,NA,2018 Q2,2018
"519",2018-03-01,NA,NA,NA,4,NA,NA,NA,NA,NA,NA,2018 Q3,2018
"520",2018-04-01,NA,98.1226741213588,NA,4,NA,NA,NA,NA,NA,NA,2018 Q4,2018
"521",2019-02-01,NA,NA,NA,3.8,NA,NA,NA,NA,NA,NA,2019 Q2,2019
"522",2019-03-01,NA,NA,NA,3.8,NA,NA,NA,NA,NA,NA,2019 Q3,2019
"523",2019-04-01,NA,98.4864220785724,NA,3.7,NA,NA,NA,NA,NA,NA,2019 Q4,2019
"524",2020-02-01,NA,NA,NA,3.5,NA,NA,NA,NA,NA,NA,2020 Q2,2020
"525",2020-03-01,NA,NA,NA,4.4,NA,NA,NA,NA,NA,NA,2020 Q3,2020
"526",2020-04-01,NA,98.7285371798423,NA,14.8,NA,NA,NA,NA,NA,NA,2020 Q4,2020
"527",2021-02-01,NA,NA,NA,6.2,NA,NA,NA,NA,NA,NA,2021 Q2,2021
"528",2021-03-01,NA,NA,NA,6.1,NA,NA,NA,NA,NA,NA,2021 Q3,2021
"529",2021-04-01,NA,99.0388643531592,NA,6.1,NA,NA,NA,NA,NA,NA,2021 Q4,2021
"530",2022-02-01,NA,NA,NA,3.8,NA,NA,NA,NA,NA,NA,2022 Q2,2022
"531",2022-03-01,NA,NA,NA,3.6,NA,NA,NA,NA,NA,NA,2022 Q3,2022
"532",2022-04-01,NA,99.7373172805509,NA,3.7,NA,NA,NA,NA,NA,NA,2022 Q4,2022
"533",2023-02-01,NA,NA,NA,3.6,NA,NA,NA,NA,NA,NA,2023 Q2,2023
"534",2023-03-01,NA,NA,NA,3.5,NA,NA,NA,NA,NA,NA,2023 Q3,2023
"535",2023-04-01,NA,100.07782724192,NA,3.4,NA,NA,NA,NA,NA,NA,2023 Q4,2023
"536",1948-05-01,NA,NA,NA,3.5,NA,NA,NA,NA,NA,NA,NA,1948
"537",1947-01-01,NA,NA,2182.68105788942,NA,115.833,NA,NA,NA,NA,NA,1947 Q1,1947
