Series ID,Year,Period,Label,Value,3-Month Net Change
CUSR0000SA0L2,1947,M01,1947 Jan,23.2, N/A
CUSR0000SA0L2,1947,M02,1947 Feb,23.3,N/A
CUSR0000SA0L2,1947,M03,1947 Mar,23.8,N/A
CUSR0000SA0L2,1947,M04,1947 Apr,23.8,N/A
CUSR0000SA0L2,1947,M05,1947 May,23.7,N/A
CUSR0000SA0L2,1947,M06,1947 Jun,23.8,N/A
CUSR0000SA0L2,1947,M07,1947 Jul,24.0,N/A
CUSR0000SA0L2,1947,M08,1947 Aug,24.2,N/A
CUSR0000SA0L2,1947,M09,1947 Sep,24.6,N/A
CUSR0000SA0L2,1947,M10,1947 Oct,24.7,N/A
CUSR0000SA0L2,1947,M11,1947 Nov,24.9,N/A
CUSR0000SA0L2,1947,M12,1947 Dec,25.3,N/A
CUSR0000SA0L2,1948,M01,1948 Jan,25.7,N/A
CUSR0000SA0L2,1948,M02,1948 Feb,25.6,N/A
CUSR0000SA0L2,1948,M03,1948 Mar,25.4,N/A
CUSR0000SA0L2,1948,M04,1948 Apr,25.8,N/A
CUSR0000SA0L2,1948,M05,1948 May,26.0,N/A
CUSR0000SA0L2,1948,M06,1948 Jun,26.2,N/A
CUSR0000SA0L2,1948,M07,1948 Jul,26.4,N/A
CUSR0000SA0L2,1948,M08,1948 Aug,26.4,N/A
CUSR0000SA0L2,1948,M09,1948 Sep,26.4,N/A
CUSR0000SA0L2,1948,M10,1948 Oct,26.3,N/A
CUSR0000SA0L2,1948,M11,1948 Nov,26.1,N/A
CUSR0000SA0L2,1948,M12,1948 Dec,26.0,N/A
CUSR0000SA0L2,1949,M01,1949 Jan,25.8,N/A
CUSR0000SA0L2,1949,M02,1949 Feb,25.7,N/A
CUSR0000SA0L2,1949,M03,1949 Mar,25.7,N/A
CUSR0000SA0L2,1949,M04,1949 Apr,25.7,N/A
CUSR0000SA0L2,1949,M05,1949 May,25.6,N/A
CUSR0000SA0L2,1949,M06,1949 Jun,25.7,N/A
CUSR0000SA0L2,1949,M07,1949 Jul,25.4,N/A
CUSR0000SA0L2,1949,M08,1949 Aug,25.4,N/A
CUSR0000SA0L2,1949,M09,1949 Sep,25.5,N/A
CUSR0000SA0L2,1949,M10,1949 Oct,25.3,N/A
CUSR0000SA0L2,1949,M11,1949 Nov,25.4,N/A
CUSR0000SA0L2,1949,M12,1949 Dec,25.2,N/A
CUSR0000SA0L2,1950,M01,1950 Jan,25.1,N/A
CUSR0000SA0L2,1950,M02,1950 Feb,25.2,N/A
CUSR0000SA0L2,1950,M03,1950 Mar,25.2,N/A
CUSR0000SA0L2,1950,M04,1950 Apr,25.2,N/A
CUSR0000SA0L2,1950,M05,1950 May,25.4,N/A
CUSR0000SA0L2,1950,M06,1950 Jun,25.4,N/A
CUSR0000SA0L2,1950,M07,1950 Jul,25.7,N/A
CUSR0000SA0L2,1950,M08,1950 Aug,25.8,N/A
CUSR0000SA0L2,1950,M09,1950 Sep,26.0,N/A
CUSR0000SA0L2,1950,M10,1950 Oct,26.2,N/A
CUSR0000SA0L2,1950,M11,1950 Nov,26.4,N/A
CUSR0000SA0L2,1950,M12,1950 Dec,26.8,N/A
CUSR0000SA0L2,1951,M01,1951 Jan,27.2,N/A
CUSR0000SA0L2,1951,M02,1951 Feb,27.8,N/A
CUSR0000SA0L2,1951,M03,1951 Mar,27.9,N/A
CUSR0000SA0L2,1951,M04,1951 Apr,27.9,N/A
CUSR0000SA0L2,1951,M05,1951 May,27.9,N/A
CUSR0000SA0L2,1951,M06,1951 Jun,27.9,N/A
CUSR0000SA0L2,1951,M07,1951 Jul,27.8,N/A
CUSR0000SA0L2,1951,M08,1951 Aug,27.7,N/A
CUSR0000SA0L2,1951,M09,1951 Sep,27.9,N/A
CUSR0000SA0L2,1951,M10,1951 Oct,28.1,N/A
CUSR0000SA0L2,1951,M11,1951 Nov,28.3,N/A
CUSR0000SA0L2,1951,M12,1951 Dec,28.4,N/A
CUSR0000SA0L2,1952,M01,1952 Jan,28.4,N/A
CUSR0000SA0L2,1952,M02,1952 Feb,28.3,N/A
CUSR0000SA0L2,1952,M03,1952 Mar,28.3,N/A
CUSR0000SA0L2,1952,M04,1952 Apr,28.3,N/A
CUSR0000SA0L2,1952,M05,1952 May,28.4,N/A
CUSR0000SA0L2,1952,M06,1952 Jun,28.4,N/A
CUSR0000SA0L2,1952,M07,1952 Jul,28.6,N/A
CUSR0000SA0L2,1952,M08,1952 Aug,28.6,N/A
CUSR0000SA0L2,1952,M09,1952 Sep,28.6,N/A
CUSR0000SA0L2,1952,M10,1952 Oct,28.5,N/A
CUSR0000SA0L2,1952,M11,1952 Nov,28.6,N/A
CUSR0000SA0L2,1952,M12,1952 Dec,28.5,N/A
CUSR0000SA0L2,1953,M01,1953 Jan,28.5,N/A
CUSR0000SA0L2,1953,M02,1953 Feb,28.4,N/A
CUSR0000SA0L2,1953,M03,1953 Mar,28.5,N/A
CUSR0000SA0L2,1953,M04,1953 Apr,28.5,N/A
CUSR0000SA0L2,1953,M05,1953 May,28.5,N/A
CUSR0000SA0L2,1953,M06,1953 Jun,28.6,N/A
CUSR0000SA0L2,1953,M07,1953 Jul,28.6,N/A
CUSR0000SA0L2,1953,M08,1953 Aug,28.6,N/A
CUSR0000SA0L2,1953,M09,1953 Sep,28.6,N/A
CUSR0000SA0L2,1953,M10,1953 Oct,28.7,N/A
CUSR0000SA0L2,1953,M11,1953 Nov,28.6,N/A
CUSR0000SA0L2,1953,M12,1953 Dec,28.6,N/A
CUSR0000SA0L2,1954,M01,1954 Jan,28.7,N/A
CUSR0000SA0L2,1954,M02,1954 Feb,28.7,N/A
CUSR0000SA0L2,1954,M03,1954 Mar,28.6,N/A
CUSR0000SA0L2,1954,M04,1954 Apr,28.6,N/A
CUSR0000SA0L2,1954,M05,1954 May,28.6,N/A
CUSR0000SA0L2,1954,M06,1954 Jun,28.6,N/A
CUSR0000SA0L2,1954,M07,1954 Jul,28.6,N/A
CUSR0000SA0L2,1954,M08,1954 Aug,28.5,N/A
CUSR0000SA0L2,1954,M09,1954 Sep,28.4,N/A
CUSR0000SA0L2,1954,M10,1954 Oct,28.3,N/A
CUSR0000SA0L2,1954,M11,1954 Nov,28.3,N/A
CUSR0000SA0L2,1954,M12,1954 Dec,28.3,N/A
CUSR0000SA0L2,1955,M01,1955 Jan,28.3,N/A
CUSR0000SA0L2,1955,M02,1955 Feb,28.4,N/A
CUSR0000SA0L2,1955,M03,1955 Mar,28.4,N/A
CUSR0000SA0L2,1955,M04,1955 Apr,28.3,N/A
CUSR0000SA0L2,1955,M05,1955 May,28.3,N/A
CUSR0000SA0L2,1955,M06,1955 Jun,28.3,N/A
CUSR0000SA0L2,1955,M07,1955 Jul,28.3,N/A
CUSR0000SA0L2,1955,M08,1955 Aug,28.2,N/A
CUSR0000SA0L2,1955,M09,1955 Sep,28.4,N/A
CUSR0000SA0L2,1955,M10,1955 Oct,28.4,N/A
CUSR0000SA0L2,1955,M11,1955 Nov,28.4,N/A
CUSR0000SA0L2,1955,M12,1955 Dec,28.4,N/A
CUSR0000SA0L2,1956,M01,1956 Jan,28.3,N/A
CUSR0000SA0L2,1956,M02,1956 Feb,28.4,N/A
CUSR0000SA0L2,1956,M03,1956 Mar,28.5,N/A
CUSR0000SA0L2,1956,M04,1956 Apr,28.5,N/A
CUSR0000SA0L2,1956,M05,1956 May,28.6,N/A
CUSR0000SA0L2,1956,M06,1956 Jun,28.7,N/A
CUSR0000SA0L2,1956,M07,1956 Jul,28.9,N/A
CUSR0000SA0L2,1956,M08,1956 Aug,28.9,N/A
CUSR0000SA0L2,1956,M09,1956 Sep,28.9,N/A
CUSR0000SA0L2,1956,M10,1956 Oct,29.1,N/A
CUSR0000SA0L2,1956,M11,1956 Nov,29.1,N/A
CUSR0000SA0L2,1956,M12,1956 Dec,29.2,N/A
CUSR0000SA0L2,1957,M01,1957 Jan,29.3,N/A
CUSR0000SA0L2,1957,M02,1957 Feb,29.4,N/A
CUSR0000SA0L2,1957,M03,1957 Mar,29.5,N/A
CUSR0000SA0L2,1957,M04,1957 Apr,29.6,N/A
CUSR0000SA0L2,1957,M05,1957 May,29.6,N/A
CUSR0000SA0L2,1957,M06,1957 Jun,29.7,N/A
CUSR0000SA0L2,1957,M07,1957 Jul,29.8,N/A
CUSR0000SA0L2,1957,M08,1957 Aug,29.9,N/A
CUSR0000SA0L2,1957,M09,1957 Sep,29.9,N/A
CUSR0000SA0L2,1957,M10,1957 Oct,29.9,N/A
CUSR0000SA0L2,1957,M11,1957 Nov,30.0,N/A
CUSR0000SA0L2,1957,M12,1957 Dec,30.1,N/A
CUSR0000SA0L2,1958,M01,1958 Jan,30.3,N/A
CUSR0000SA0L2,1958,M02,1958 Feb,30.4,N/A
CUSR0000SA0L2,1958,M03,1958 Mar,30.6,N/A
CUSR0000SA0L2,1958,M04,1958 Apr,30.6,N/A
CUSR0000SA0L2,1958,M05,1958 May,30.6,N/A
CUSR0000SA0L2,1958,M06,1958 Jun,30.6,N/A
CUSR0000SA0L2,1958,M07,1958 Jul,30.6,N/A
CUSR0000SA0L2,1958,M08,1958 Aug,30.6,N/A
CUSR0000SA0L2,1958,M09,1958 Sep,30.6,N/A
CUSR0000SA0L2,1958,M10,1958 Oct,30.6,N/A
CUSR0000SA0L2,1958,M11,1958 Nov,30.7,N/A
CUSR0000SA0L2,1958,M12,1958 Dec,30.7,N/A
CUSR0000SA0L2,1959,M01,1959 Jan,30.7,N/A
CUSR0000SA0L2,1959,M02,1959 Feb,30.7,N/A
CUSR0000SA0L2,1959,M03,1959 Mar,30.7,N/A
CUSR0000SA0L2,1959,M04,1959 Apr,30.7,N/A
CUSR0000SA0L2,1959,M05,1959 May,30.7,N/A
CUSR0000SA0L2,1959,M06,1959 Jun,30.8,N/A
CUSR0000SA0L2,1959,M07,1959 Jul,30.9,N/A
CUSR0000SA0L2,1959,M08,1959 Aug,30.9,N/A
CUSR0000SA0L2,1959,M09,1959 Sep,31.0,N/A
CUSR0000SA0L2,1959,M10,1959 Oct,31.0,N/A
CUSR0000SA0L2,1959,M11,1959 Nov,31.0,N/A
CUSR0000SA0L2,1959,M12,1959 Dec,31.1,N/A
CUSR0000SA0L2,1960,M01,1960 Jan,31.1,N/A
CUSR0000SA0L2,1960,M02,1960 Feb,31.1,N/A
CUSR0000SA0L2,1960,M03,1960 Mar,31.1,N/A
CUSR0000SA0L2,1960,M04,1960 Apr,31.2,N/A
CUSR0000SA0L2,1960,M05,1960 May,31.3,N/A
CUSR0000SA0L2,1960,M06,1960 Jun,31.3,N/A
CUSR0000SA0L2,1960,M07,1960 Jul,31.3,N/A
CUSR0000SA0L2,1960,M08,1960 Aug,31.3,N/A
CUSR0000SA0L2,1960,M09,1960 Sep,31.3,N/A
CUSR0000SA0L2,1960,M10,1960 Oct,31.4,N/A
CUSR0000SA0L2,1960,M11,1960 Nov,31.5,N/A
CUSR0000SA0L2,1960,M12,1960 Dec,31.6,N/A
CUSR0000SA0L2,1961,M01,1961 Jan,31.6,N/A
CUSR0000SA0L2,1961,M02,1961 Feb,31.6,N/A
CUSR0000SA0L2,1961,M03,1961 Mar,31.6,N/A
CUSR0000SA0L2,1961,M04,1961 Apr,31.6,N/A
CUSR0000SA0L2,1961,M05,1961 May,31.6,N/A
CUSR0000SA0L2,1961,M06,1961 Jun,31.6,N/A
CUSR0000SA0L2,1961,M07,1961 Jul,31.7,N/A
CUSR0000SA0L2,1961,M08,1961 Aug,31.7,N/A
CUSR0000SA0L2,1961,M09,1961 Sep,31.7,N/A
CUSR0000SA0L2,1961,M10,1961 Oct,31.7,N/A
CUSR0000SA0L2,1961,M11,1961 Nov,31.7,N/A
CUSR0000SA0L2,1961,M12,1961 Dec,31.7,N/A
CUSR0000SA0L2,1962,M01,1962 Jan,31.8,N/A
CUSR0000SA0L2,1962,M02,1962 Feb,31.9,N/A
CUSR0000SA0L2,1962,M03,1962 Mar,32.0,N/A
CUSR0000SA0L2,1962,M04,1962 Apr,32.0,N/A
CUSR0000SA0L2,1962,M05,1962 May,32.0,N/A
CUSR0000SA0L2,1962,M06,1962 Jun,32.0,N/A
CUSR0000SA0L2,1962,M07,1962 Jul,31.9,N/A
CUSR0000SA0L2,1962,M08,1962 Aug,32.0,N/A
CUSR0000SA0L2,1962,M09,1962 Sep,32.2,N/A
CUSR0000SA0L2,1962,M10,1962 Oct,32.2,N/A
CUSR0000SA0L2,1962,M11,1962 Nov,32.2,N/A
CUSR0000SA0L2,1962,M12,1962 Dec,32.2,N/A
CUSR0000SA0L2,1963,M01,1963 Jan,32.2,N/A
CUSR0000SA0L2,1963,M02,1963 Feb,32.3,N/A
CUSR0000SA0L2,1963,M03,1963 Mar,32.3,N/A
CUSR0000SA0L2,1963,M04,1963 Apr,32.2,N/A
CUSR0000SA0L2,1963,M05,1963 May,32.3,N/A
CUSR0000SA0L2,1963,M06,1963 Jun,32.4,N/A
CUSR0000SA0L2,1963,M07,1963 Jul,32.5,N/A
CUSR0000SA0L2,1963,M08,1963 Aug,32.6,N/A
CUSR0000SA0L2,1963,M09,1963 Sep,32.5,N/A
CUSR0000SA0L2,1963,M10,1963 Oct,32.5,N/A
CUSR0000SA0L2,1963,M11,1963 Nov,32.6,N/A
CUSR0000SA0L2,1963,M12,1963 Dec,32.7,N/A
CUSR0000SA0L2,1964,M01,1964 Jan,32.7,N/A
CUSR0000SA0L2,1964,M02,1964 Feb,32.7,N/A
CUSR0000SA0L2,1964,M03,1964 Mar,32.7,N/A
CUSR0000SA0L2,1964,M04,1964 Apr,32.7,N/A
CUSR0000SA0L2,1964,M05,1964 May,32.7,N/A
CUSR0000SA0L2,1964,M06,1964 Jun,32.8,N/A
CUSR0000SA0L2,1964,M07,1964 Jul,32.8,N/A
CUSR0000SA0L2,1964,M08,1964 Aug,32.8,N/A
CUSR0000SA0L2,1964,M09,1964 Sep,32.9,N/A
CUSR0000SA0L2,1964,M10,1964 Oct,32.9,N/A
CUSR0000SA0L2,1964,M11,1964 Nov,32.9,N/A
CUSR0000SA0L2,1964,M12,1964 Dec,33.0,N/A
CUSR0000SA0L2,1965,M01,1965 Jan,33.0,N/A
CUSR0000SA0L2,1965,M02,1965 Feb,33.1,N/A
CUSR0000SA0L2,1965,M03,1965 Mar,33.1,N/A
CUSR0000SA0L2,1965,M04,1965 Apr,33.1,N/A
CUSR0000SA0L2,1965,M05,1965 May,33.3,N/A
CUSR0000SA0L2,1965,M06,1965 Jun,33.4,N/A
CUSR0000SA0L2,1965,M07,1965 Jul,33.4,N/A
CUSR0000SA0L2,1965,M08,1965 Aug,33.3,N/A
CUSR0000SA0L2,1965,M09,1965 Sep,33.4,N/A
CUSR0000SA0L2,1965,M10,1965 Oct,33.5,N/A
CUSR0000SA0L2,1965,M11,1965 Nov,33.5,N/A
CUSR0000SA0L2,1965,M12,1965 Dec,33.7,N/A
CUSR0000SA0L2,1966,M01,1966 Jan,33.7,N/A
CUSR0000SA0L2,1966,M02,1966 Feb,33.9,N/A
CUSR0000SA0L2,1966,M03,1966 Mar,34.0,N/A
CUSR0000SA0L2,1966,M04,1966 Apr,34.2,N/A
CUSR0000SA0L2,1966,M05,1966 May,34.2,N/A
CUSR0000SA0L2,1966,M06,1966 Jun,34.2,N/A
CUSR0000SA0L2,1966,M07,1966 Jul,34.3,N/A
CUSR0000SA0L2,1966,M08,1966 Aug,34.5,N/A
CUSR0000SA0L2,1966,M09,1966 Sep,34.6,N/A
CUSR0000SA0L2,1966,M10,1966 Oct,34.7,N/A
CUSR0000SA0L2,1966,M11,1966 Nov,34.7,N/A
CUSR0000SA0L2,1966,M12,1966 Dec,34.7,N/A
CUSR0000SA0L2,1967,M01,1967 Jan,34.8,N/A
CUSR0000SA0L2,1967,M02,1967 Feb,34.8,N/A
CUSR0000SA0L2,1967,M03,1967 Mar,34.9,N/A
CUSR0000SA0L2,1967,M04,1967 Apr,34.9,N/A
CUSR0000SA0L2,1967,M05,1967 May,34.9,N/A
CUSR0000SA0L2,1967,M06,1967 Jun,35.1,N/A
CUSR0000SA0L2,1967,M07,1967 Jul,35.2,N/A
CUSR0000SA0L2,1967,M08,1967 Aug,35.4,N/A
CUSR0000SA0L2,1967,M09,1967 Sep,35.5,N/A
CUSR0000SA0L2,1967,M10,1967 Oct,35.6,N/A
CUSR0000SA0L2,1967,M11,1967 Nov,35.7,N/A
CUSR0000SA0L2,1967,M12,1967 Dec,35.8,N/A
CUSR0000SA0L2,1968,M01,1968 Jan,36.0,N/A
CUSR0000SA0L2,1968,M02,1968 Feb,36.1,N/A
CUSR0000SA0L2,1968,M03,1968 Mar,36.2,N/A
CUSR0000SA0L2,1968,M04,1968 Apr,36.3,N/A
CUSR0000SA0L2,1968,M05,1968 May,36.4,N/A
CUSR0000SA0L2,1968,M06,1968 Jun,36.6,N/A
CUSR0000SA0L2,1968,M07,1968 Jul,36.7,N/A
CUSR0000SA0L2,1968,M08,1968 Aug,36.8,N/A
CUSR0000SA0L2,1968,M09,1968 Sep,36.9,N/A
CUSR0000SA0L2,1968,M10,1968 Oct,37.1,N/A
CUSR0000SA0L2,1968,M11,1968 Nov,37.3,N/A
CUSR0000SA0L2,1968,M12,1968 Dec,37.3,N/A
CUSR0000SA0L2,1969,M01,1969 Jan,37.4,N/A
CUSR0000SA0L2,1969,M02,1969 Feb,37.6,N/A
CUSR0000SA0L2,1969,M03,1969 Mar,37.8,N/A
CUSR0000SA0L2,1969,M04,1969 Apr,38.0,N/A
CUSR0000SA0L2,1969,M05,1969 May,38.1,N/A
CUSR0000SA0L2,1969,M06,1969 Jun,38.3,N/A
CUSR0000SA0L2,1969,M07,1969 Jul,38.5,N/A
CUSR0000SA0L2,1969,M08,1969 Aug,38.6,N/A
CUSR0000SA0L2,1969,M09,1969 Sep,38.8,N/A
CUSR0000SA0L2,1969,M10,1969 Oct,38.9,N/A
CUSR0000SA0L2,1969,M11,1969 Nov,39.1,N/A
CUSR0000SA0L2,1969,M12,1969 Dec,39.4,N/A
CUSR0000SA0L2,1970,M01,1970 Jan,39.5,N/A
CUSR0000SA0L2,1970,M02,1970 Feb,39.7,N/A
CUSR0000SA0L2,1970,M03,1970 Mar,39.8,N/A
CUSR0000SA0L2,1970,M04,1970 Apr,40.0,N/A
CUSR0000SA0L2,1970,M05,1970 May,40.1,N/A
CUSR0000SA0L2,1970,M06,1970 Jun,40.2,N/A
CUSR0000SA0L2,1970,M07,1970 Jul,40.4,N/A
CUSR0000SA0L2,1970,M08,1970 Aug,40.4,N/A
CUSR0000SA0L2,1970,M09,1970 Sep,40.6,N/A
CUSR0000SA0L2,1970,M10,1970 Oct,40.8,N/A
CUSR0000SA0L2,1970,M11,1970 Nov,41.0,N/A
CUSR0000SA0L2,1970,M12,1970 Dec,41.2,N/A
CUSR0000SA0L2,1971,M01,1971 Jan,41.3,N/A
CUSR0000SA0L2,1971,M02,1971 Feb,41.4,N/A
CUSR0000SA0L2,1971,M03,1971 Mar,41.6,N/A
CUSR0000SA0L2,1971,M04,1971 Apr,41.7,N/A
CUSR0000SA0L2,1971,M05,1971 May,41.9,N/A
CUSR0000SA0L2,1971,M06,1971 Jun,42.1,N/A
CUSR0000SA0L2,1971,M07,1971 Jul,42.2,N/A
CUSR0000SA0L2,1971,M08,1971 Aug,42.3,N/A
CUSR0000SA0L2,1971,M09,1971 Sep,42.3,N/A
CUSR0000SA0L2,1971,M10,1971 Oct,42.4,N/A
CUSR0000SA0L2,1971,M11,1971 Nov,42.4,N/A
CUSR0000SA0L2,1971,M12,1971 Dec,42.6,N/A
CUSR0000SA0L2,1972,M01,1972 Jan,42.7,N/A
CUSR0000SA0L2,1972,M02,1972 Feb,42.9,N/A
CUSR0000SA0L2,1972,M03,1972 Mar,42.9,N/A
CUSR0000SA0L2,1972,M04,1972 Apr,43.0,N/A
CUSR0000SA0L2,1972,M05,1972 May,43.1,N/A
CUSR0000SA0L2,1972,M06,1972 Jun,43.1,N/A
CUSR0000SA0L2,1972,M07,1972 Jul,43.3,N/A
CUSR0000SA0L2,1972,M08,1972 Aug,43.3,N/A
CUSR0000SA0L2,1972,M09,1972 Sep,43.6,N/A
CUSR0000SA0L2,1972,M10,1972 Oct,43.7,N/A
CUSR0000SA0L2,1972,M11,1972 Nov,43.9,N/A
CUSR0000SA0L2,1972,M12,1972 Dec,44.0,N/A
CUSR0000SA0L2,1973,M01,1973 Jan,44.3,N/A
CUSR0000SA0L2,1973,M02,1973 Feb,44.6,N/A
CUSR0000SA0L2,1973,M03,1973 Mar,45.0,N/A
CUSR0000SA0L2,1973,M04,1973 Apr,45.4,N/A
CUSR0000SA0L2,1973,M05,1973 May,45.7,N/A
CUSR0000SA0L2,1973,M06,1973 Jun,46.0,N/A
CUSR0000SA0L2,1973,M07,1973 Jul,46.0,N/A
CUSR0000SA0L2,1973,M08,1973 Aug,46.9,N/A
CUSR0000SA0L2,1973,M09,1973 Sep,47.0,N/A
CUSR0000SA0L2,1973,M10,1973 Oct,47.3,N/A
CUSR0000SA0L2,1973,M11,1973 Nov,47.7,N/A
CUSR0000SA0L2,1973,M12,1973 Dec,48.1,N/A
CUSR0000SA0L2,1974,M01,1974 Jan,48.7,N/A
CUSR0000SA0L2,1974,M02,1974 Feb,49.3,N/A
CUSR0000SA0L2,1974,M03,1974 Mar,49.9,N/A
CUSR0000SA0L2,1974,M04,1974 Apr,50.1,N/A
CUSR0000SA0L2,1974,M05,1974 May,50.7,N/A
CUSR0000SA0L2,1974,M06,1974 Jun,51.1,N/A
CUSR0000SA0L2,1974,M07,1974 Jul,51.4,N/A
CUSR0000SA0L2,1974,M08,1974 Aug,52.1,N/A
CUSR0000SA0L2,1974,M09,1974 Sep,52.8,N/A
CUSR0000SA0L2,1974,M10,1974 Oct,53.2,N/A
CUSR0000SA0L2,1974,M11,1974 Nov,53.7,N/A
CUSR0000SA0L2,1974,M12,1974 Dec,54.2,N/A
CUSR0000SA0L2,1975,M01,1975 Jan,54.5,N/A
CUSR0000SA0L2,1975,M02,1975 Feb,54.7,N/A
CUSR0000SA0L2,1975,M03,1975 Mar,54.9,N/A
CUSR0000SA0L2,1975,M04,1975 Apr,55.1,N/A
CUSR0000SA0L2,1975,M05,1975 May,55.3,N/A
CUSR0000SA0L2,1975,M06,1975 Jun,55.6,N/A
CUSR0000SA0L2,1975,M07,1975 Jul,56.3,N/A
CUSR0000SA0L2,1975,M08,1975 Aug,56.4,N/A
CUSR0000SA0L2,1975,M09,1975 Sep,56.9,N/A
CUSR0000SA0L2,1975,M10,1975 Oct,57.3,N/A
CUSR0000SA0L2,1975,M11,1975 Nov,57.6,N/A
CUSR0000SA0L2,1975,M12,1975 Dec,57.9,N/A
CUSR0000SA0L2,1976,M01,1976 Jan,58.1,N/A
CUSR0000SA0L2,1976,M02,1976 Feb,58.2,N/A
CUSR0000SA0L2,1976,M03,1976 Mar,58.3,N/A
CUSR0000SA0L2,1976,M04,1976 Apr,58.5,N/A
CUSR0000SA0L2,1976,M05,1976 May,58.7,N/A
CUSR0000SA0L2,1976,M06,1976 Jun,59.0,N/A
CUSR0000SA0L2,1976,M07,1976 Jul,59.3,N/A
CUSR0000SA0L2,1976,M08,1976 Aug,59.6,N/A
CUSR0000SA0L2,1976,M09,1976 Sep,59.9,N/A
CUSR0000SA0L2,1976,M10,1976 Oct,60.3,N/A
CUSR0000SA0L2,1976,M11,1976 Nov,60.6,N/A
CUSR0000SA0L2,1976,M12,1976 Dec,60.8,N/A
CUSR0000SA0L2,1977,M01,1977 Jan,61.2,N/A
CUSR0000SA0L2,1977,M02,1977 Feb,61.8,N/A
CUSR0000SA0L2,1977,M03,1977 Mar,62.1,N/A
CUSR0000SA0L2,1977,M04,1977 Apr,62.5,N/A
CUSR0000SA0L2,1977,M05,1977 May,62.8,N/A
CUSR0000SA0L2,1977,M06,1977 Jun,63.1,N/A
CUSR0000SA0L2,1977,M07,1977 Jul,63.3,N/A
CUSR0000SA0L2,1977,M08,1977 Aug,63.5,N/A
CUSR0000SA0L2,1977,M09,1977 Sep,63.7,N/A
CUSR0000SA0L2,1977,M10,1977 Oct,63.9,N/A
CUSR0000SA0L2,1977,M11,1977 Nov,64.4,N/A
CUSR0000SA0L2,1977,M12,1977 Dec,64.7,N/A
CUSR0000SA0L2,1978,M01,1978 Jan,64.9,N/A
CUSR0000SA0L2,1978,M02,1978 Feb,65.3,N/A
CUSR0000SA0L2,1978,M03,1978 Mar,65.7,N/A
CUSR0000SA0L2,1978,M04,1978 Apr,66.2,N/A
CUSR0000SA0L2,1978,M05,1978 May,66.7,N/A
CUSR0000SA0L2,1978,M06,1978 Jun,67.3,N/A
CUSR0000SA0L2,1978,M07,1978 Jul,67.6,N/A
CUSR0000SA0L2,1978,M08,1978 Aug,68.0,N/A
CUSR0000SA0L2,1978,M09,1978 Sep,68.4,N/A
CUSR0000SA0L2,1978,M10,1978 Oct,68.9,N/A
CUSR0000SA0L2,1978,M11,1978 Nov,69.4,N/A
CUSR0000SA0L2,1978,M12,1978 Dec,69.8,N/A
CUSR0000SA0L2,1979,M01,1979 Jan,70.4,N/A
CUSR0000SA0L2,1979,M02,1979 Feb,71.1,N/A
CUSR0000SA0L2,1979,M03,1979 Mar,71.8,N/A
CUSR0000SA0L2,1979,M04,1979 Apr,72.5,N/A
CUSR0000SA0L2,1979,M05,1979 May,73.3,N/A
CUSR0000SA0L2,1979,M06,1979 Jun,74.0,N/A
CUSR0000SA0L2,1979,M07,1979 Jul,74.7,N/A
CUSR0000SA0L2,1979,M08,1979 Aug,75.3,N/A
CUSR0000SA0L2,1979,M09,1979 Sep,75.9,N/A
CUSR0000SA0L2,1979,M10,1979 Oct,76.4,N/A
CUSR0000SA0L2,1979,M11,1979 Nov,77.1,N/A
CUSR0000SA0L2,1979,M12,1979 Dec,77.8,N/A
CUSR0000SA0L2,1980,M01,1980 Jan,78.9,N/A
CUSR0000SA0L2,1980,M02,1980 Feb,79.8,N/A
CUSR0000SA0L2,1980,M03,1980 Mar,81.0,N/A
CUSR0000SA0L2,1980,M04,1980 Apr,81.5,N/A
CUSR0000SA0L2,1980,M05,1980 May,82.1,N/A
CUSR0000SA0L2,1980,M06,1980 Jun,82.5,N/A
CUSR0000SA0L2,1980,M07,1980 Jul,83.1,N/A
CUSR0000SA0L2,1980,M08,1980 Aug,83.8,N/A
CUSR0000SA0L2,1980,M09,1980 Sep,84.7,N/A
CUSR0000SA0L2,1980,M10,1980 Oct,85.2,N/A
CUSR0000SA0L2,1980,M11,1980 Nov,85.9,N/A
CUSR0000SA0L2,1980,M12,1980 Dec,86.5,N/A
CUSR0000SA0L2,1981,M01,1981 Jan,87.4,N/A
CUSR0000SA0L2,1981,M02,1981 Feb,88.6,N/A
CUSR0000SA0L2,1981,M03,1981 Mar,89.3,N/A
CUSR0000SA0L2,1981,M04,1981 Apr,89.7,N/A
CUSR0000SA0L2,1981,M05,1981 May,90.1,N/A
CUSR0000SA0L2,1981,M06,1981 Jun,90.6,N/A
CUSR0000SA0L2,1981,M07,1981 Jul,91.3,N/A
CUSR0000SA0L2,1981,M08,1981 Aug,91.9,N/A
CUSR0000SA0L2,1981,M09,1981 Sep,92.5,N/A
CUSR0000SA0L2,1981,M10,1981 Oct,93.0,N/A
CUSR0000SA0L2,1981,M11,1981 Nov,93.5,N/A
CUSR0000SA0L2,1981,M12,1981 Dec,93.9,N/A
CUSR0000SA0L2,1982,M01,1982 Jan,94.3,N/A
CUSR0000SA0L2,1982,M02,1982 Feb,94.6,N/A
CUSR0000SA0L2,1982,M03,1982 Mar,94.7,N/A
CUSR0000SA0L2,1982,M04,1982 Apr,94.7,N/A
CUSR0000SA0L2,1982,M05,1982 May,95.3,N/A
CUSR0000SA0L2,1982,M06,1982 Jun,96.3,N/A
CUSR0000SA0L2,1982,M07,1982 Jul,96.8,N/A
CUSR0000SA0L2,1982,M08,1982 Aug,96.9,N/A
CUSR0000SA0L2,1982,M09,1982 Sep,97.2,N/A
CUSR0000SA0L2,1982,M10,1982 Oct,97.7,N/A
CUSR0000SA0L2,1982,M11,1982 Nov,97.9,N/A
CUSR0000SA0L2,1982,M12,1982 Dec,98.0,N/A
CUSR0000SA0L2,1983,M01,1983 Jan,98.2,N/A
CUSR0000SA0L2,1983,M02,1983 Feb,98.2,N/A
CUSR0000SA0L2,1983,M03,1983 Mar,98.4,N/A
CUSR0000SA0L2,1983,M04,1983 Apr,99.0,N/A
CUSR0000SA0L2,1983,M05,1983 May,99.4,N/A
CUSR0000SA0L2,1983,M06,1983 Jun,99.7,N/A
CUSR0000SA0L2,1983,M07,1983 Jul,100.0,N/A
CUSR0000SA0L2,1983,M08,1983 Aug,100.4,N/A
CUSR0000SA0L2,1983,M09,1983 Sep,100.6,N/A
CUSR0000SA0L2,1983,M10,1983 Oct,101.0,N/A
CUSR0000SA0L2,1983,M11,1983 Nov,101.3,N/A
CUSR0000SA0L2,1983,M12,1983 Dec,101.5,N/A
CUSR0000SA0L2,1984,M01,1984 Jan,102.2,N/A
CUSR0000SA0L2,1984,M02,1984 Feb,102.8,N/A
CUSR0000SA0L2,1984,M03,1984 Mar,103.0,N/A
CUSR0000SA0L2,1984,M04,1984 Apr,103.3,N/A
CUSR0000SA0L2,1984,M05,1984 May,103.5,N/A
CUSR0000SA0L2,1984,M06,1984 Jun,103.7,N/A
CUSR0000SA0L2,1984,M07,1984 Jul,104.0,N/A
CUSR0000SA0L2,1984,M08,1984 Aug,104.3,N/A
CUSR0000SA0L2,1984,M09,1984 Sep,104.6,N/A
CUSR0000SA0L2,1984,M10,1984 Oct,105.0,N/A
CUSR0000SA0L2,1984,M11,1984 Nov,105.1,N/A
CUSR0000SA0L2,1984,M12,1984 Dec,105.2,N/A
CUSR0000SA0L2,1985,M01,1985 Jan,105.5,N/A
CUSR0000SA0L2,1985,M02,1985 Feb,105.9,N/A
CUSR0000SA0L2,1985,M03,1985 Mar,106.4,N/A
CUSR0000SA0L2,1985,M04,1985 Apr,106.7,N/A
CUSR0000SA0L2,1985,M05,1985 May,106.7,N/A
CUSR0000SA0L2,1985,M06,1985 Jun,106.9,N/A
CUSR0000SA0L2,1985,M07,1985 Jul,107.1,N/A
CUSR0000SA0L2,1985,M08,1985 Aug,107.1,N/A
CUSR0000SA0L2,1985,M09,1985 Sep,107.3,N/A
CUSR0000SA0L2,1985,M10,1985 Oct,107.6,N/A
CUSR0000SA0L2,1985,M11,1985 Nov,108.1,N/A
CUSR0000SA0L2,1985,M12,1985 Dec,108.6,N/A
CUSR0000SA0L2,1986,M01,1986 Jan,108.9,N/A
CUSR0000SA0L2,1986,M02,1986 Feb,108.6,N/A
CUSR0000SA0L2,1986,M03,1986 Mar,107.7,N/A
CUSR0000SA0L2,1986,M04,1986 Apr,107.0,N/A
CUSR0000SA0L2,1986,M05,1986 May,107.2,N/A
CUSR0000SA0L2,1986,M06,1986 Jun,107.7,N/A
CUSR0000SA0L2,1986,M07,1986 Jul,107.7,N/A
CUSR0000SA0L2,1986,M08,1986 Aug,107.8,N/A
CUSR0000SA0L2,1986,M09,1986 Sep,108.1,N/A
CUSR0000SA0L2,1986,M10,1986 Oct,108.1,N/A
CUSR0000SA0L2,1986,M11,1986 Nov,108.4,N/A
CUSR0000SA0L2,1986,M12,1986 Dec,108.7,N/A
CUSR0000SA0L2,1987,M01,1987 Jan,109.5,N/A
CUSR0000SA0L2,1987,M02,1987 Feb,110.0,N/A
CUSR0000SA0L2,1987,M03,1987 Mar,110.4,N/A
CUSR0000SA0L2,1987,M04,1987 Apr,110.8,N/A
CUSR0000SA0L2,1987,M05,1987 May,111.1,N/A
CUSR0000SA0L2,1987,M06,1987 Jun,111.6,N/A
CUSR0000SA0L2,1987,M07,1987 Jul,111.9,N/A
CUSR0000SA0L2,1987,M08,1987 Aug,112.4,N/A
CUSR0000SA0L2,1987,M09,1987 Sep,112.7,N/A
CUSR0000SA0L2,1987,M10,1987 Oct,112.9,N/A
CUSR0000SA0L2,1987,M11,1987 Nov,113.3,N/A
CUSR0000SA0L2,1987,M12,1987 Dec,113.4,N/A
CUSR0000SA0L2,1988,M01,1988 Jan,113.6,N/A
CUSR0000SA0L2,1988,M02,1988 Feb,113.7,N/A
CUSR0000SA0L2,1988,M03,1988 Mar,114.1,N/A
CUSR0000SA0L2,1988,M04,1988 Apr,114.8,N/A
CUSR0000SA0L2,1988,M05,1988 May,115.1,N/A
CUSR0000SA0L2,1988,M06,1988 Jun,115.6,N/A
CUSR0000SA0L2,1988,M07,1988 Jul,116.2,N/A
CUSR0000SA0L2,1988,M08,1988 Aug,116.6,N/A
CUSR0000SA0L2,1988,M09,1988 Sep,117.2,N/A
CUSR0000SA0L2,1988,M10,1988 Oct,117.6,N/A
CUSR0000SA0L2,1988,M11,1988 Nov,117.9,N/A
CUSR0000SA0L2,1988,M12,1988 Dec,118.3,N/A
CUSR0000SA0L2,1989,M01,1989 Jan,118.9,N/A
CUSR0000SA0L2,1989,M02,1989 Feb,119.3,N/A
CUSR0000SA0L2,1989,M03,1989 Mar,119.9,N/A
CUSR0000SA0L2,1989,M04,1989 Apr,121.0,N/A
CUSR0000SA0L2,1989,M05,1989 May,121.6,N/A
CUSR0000SA0L2,1989,M06,1989 Jun,121.9,N/A
CUSR0000SA0L2,1989,M07,1989 Jul,122.1,N/A
CUSR0000SA0L2,1989,M08,1989 Aug,122.1,N/A
CUSR0000SA0L2,1989,M09,1989 Sep,122.4,N/A
CUSR0000SA0L2,1989,M10,1989 Oct,122.9,N/A
CUSR0000SA0L2,1989,M11,1989 Nov,123.3,N/A
CUSR0000SA0L2,1989,M12,1989 Dec,123.7,N/A
CUSR0000SA0L2,1990,M01,1990 Jan,125.1,N/A
CUSR0000SA0L2,1990,M02,1990 Feb,125.7,N/A
CUSR0000SA0L2,1990,M03,1990 Mar,126.1,N/A
CUSR0000SA0L2,1990,M04,1990 Apr,126.4,N/A
CUSR0000SA0L2,1990,M05,1990 May,126.6,N/A
CUSR0000SA0L2,1990,M06,1990 Jun,127.2,N/A
CUSR0000SA0L2,1990,M07,1990 Jul,127.7,N/A
CUSR0000SA0L2,1990,M08,1990 Aug,128.8,N/A
CUSR0000SA0L2,1990,M09,1990 Sep,129.9,N/A
CUSR0000SA0L2,1990,M10,1990 Oct,131.0,N/A
CUSR0000SA0L2,1990,M11,1990 Nov,131.4,N/A
CUSR0000SA0L2,1990,M12,1990 Dec,131.8,N/A
CUSR0000SA0L2,1991,M01,1991 Jan,132.2,N/A
CUSR0000SA0L2,1991,M02,1991 Feb,132.2,N/A
CUSR0000SA0L2,1991,M03,1991 Mar,132.1,N/A
CUSR0000SA0L2,1991,M04,1991 Apr,132.4,N/A
CUSR0000SA0L2,1991,M05,1991 May,133.0,N/A
CUSR0000SA0L2,1991,M06,1991 Jun,133.3,N/A
CUSR0000SA0L2,1991,M07,1991 Jul,133.5,N/A
CUSR0000SA0L2,1991,M08,1991 Aug,133.9,N/A
CUSR0000SA0L2,1991,M09,1991 Sep,134.3,N/A
CUSR0000SA0L2,1991,M10,1991 Oct,134.4,N/A
CUSR0000SA0L2,1991,M11,1991 Nov,135.0,N/A
CUSR0000SA0L2,1991,M12,1991 Dec,135.3,N/A
CUSR0000SA0L2,1992,M01,1992 Jan,135.3,N/A
CUSR0000SA0L2,1992,M02,1992 Feb,135.6,N/A
CUSR0000SA0L2,1992,M03,1992 Mar,136.0,N/A
CUSR0000SA0L2,1992,M04,1992 Apr,136.4,N/A
CUSR0000SA0L2,1992,M05,1992 May,136.7,N/A
CUSR0000SA0L2,1992,M06,1992 Jun,137.1,N/A
CUSR0000SA0L2,1992,M07,1992 Jul,137.5,N/A
CUSR0000SA0L2,1992,M08,1992 Aug,137.9,N/A
CUSR0000SA0L2,1992,M09,1992 Sep,138.2,N/A
CUSR0000SA0L2,1992,M10,1992 Oct,138.7,N/A
CUSR0000SA0L2,1992,M11,1992 Nov,139.1,N/A
CUSR0000SA0L2,1992,M12,1992 Dec,139.4,N/A
CUSR0000SA0L2,1993,M01,1993 Jan,139.7,N/A
CUSR0000SA0L2,1993,M02,1993 Feb,140.1,N/A
CUSR0000SA0L2,1993,M03,1993 Mar,140.3,N/A
CUSR0000SA0L2,1993,M04,1993 Apr,140.7,N/A
CUSR0000SA0L2,1993,M05,1993 May,141.1,N/A
CUSR0000SA0L2,1993,M06,1993 Jun,141.2,N/A
CUSR0000SA0L2,1993,M07,1993 Jul,141.3,N/A
CUSR0000SA0L2,1993,M08,1993 Aug,141.7,N/A
CUSR0000SA0L2,1993,M09,1993 Sep,141.8,N/A
CUSR0000SA0L2,1993,M10,1993 Oct,142.5,N/A
CUSR0000SA0L2,1993,M11,1993 Nov,142.8,N/A
CUSR0000SA0L2,1993,M12,1993 Dec,143.1,N/A
CUSR0000SA0L2,1994,M01,1994 Jan,143.1,N/A
CUSR0000SA0L2,1994,M02,1994 Feb,143.3,N/A
CUSR0000SA0L2,1994,M03,1994 Mar,143.6,N/A
CUSR0000SA0L2,1994,M04,1994 Apr,143.8,N/A
CUSR0000SA0L2,1994,M05,1994 May,144.0,N/A
CUSR0000SA0L2,1994,M06,1994 Jun,144.5,N/A
CUSR0000SA0L2,1994,M07,1994 Jul,145.1,N/A
CUSR0000SA0L2,1994,M08,1994 Aug,145.6,N/A
CUSR0000SA0L2,1994,M09,1994 Sep,145.8,N/A
CUSR0000SA0L2,1994,M10,1994 Oct,145.9,N/A
CUSR0000SA0L2,1994,M11,1994 Nov,146.2,N/A
CUSR0000SA0L2,1994,M12,1994 Dec,146.6,N/A
CUSR0000SA0L2,1995,M01,1995 Jan,147.0,N/A
CUSR0000SA0L2,1995,M02,1995 Feb,147.4,N/A
CUSR0000SA0L2,1995,M03,1995 Mar,147.6,N/A
CUSR0000SA0L2,1995,M04,1995 Apr,148.2,N/A
CUSR0000SA0L2,1995,M05,1995 May,148.4,N/A
CUSR0000SA0L2,1995,M06,1995 Jun,148.7,N/A
CUSR0000SA0L2,1995,M07,1995 Jul,148.8,N/A
CUSR0000SA0L2,1995,M08,1995 Aug,149.1,N/A
CUSR0000SA0L2,1995,M09,1995 Sep,149.2,N/A
CUSR0000SA0L2,1995,M10,1995 Oct,149.6,N/A
CUSR0000SA0L2,1995,M11,1995 Nov,149.6,N/A
CUSR0000SA0L2,1995,M12,1995 Dec,149.9,N/A
CUSR0000SA0L2,1996,M01,1996 Jan,150.6,N/A
CUSR0000SA0L2,1996,M02,1996 Feb,151.0,N/A
CUSR0000SA0L2,1996,M03,1996 Mar,151.5,N/A
CUSR0000SA0L2,1996,M04,1996 Apr,152.1,N/A
CUSR0000SA0L2,1996,M05,1996 May,152.5,N/A
CUSR0000SA0L2,1996,M06,1996 Jun,152.7,N/A
CUSR0000SA0L2,1996,M07,1996 Jul,152.8,N/A
CUSR0000SA0L2,1996,M08,1996 Aug,153.0,N/A
CUSR0000SA0L2,1996,M09,1996 Sep,153.6,N/A
CUSR0000SA0L2,1996,M10,1996 Oct,154.1,N/A
CUSR0000SA0L2,1996,M11,1996 Nov,154.6,N/A
CUSR0000SA0L2,1996,M12,1996 Dec,155.1,N/A
CUSR0000SA0L2,1997,M01,1997 Jan,155.3,N/A
CUSR0000SA0L2,1997,M02,1997 Feb,155.5,N/A
CUSR0000SA0L2,1997,M03,1997 Mar,155.5,N/A
CUSR0000SA0L2,1997,M04,1997 Apr,155.5,N/A
CUSR0000SA0L2,1997,M05,1997 May,155.4,N/A
CUSR0000SA0L2,1997,M06,1997 Jun,155.7,N/A
CUSR0000SA0L2,1997,M07,1997 Jul,155.7,N/A
CUSR0000SA0L2,1997,M08,1997 Aug,156.0,N/A
CUSR0000SA0L2,1997,M09,1997 Sep,156.5,N/A
CUSR0000SA0L2,1997,M10,1997 Oct,156.7,N/A
CUSR0000SA0L2,1997,M11,1997 Nov,156.8,N/A
CUSR0000SA0L2,1997,M12,1997 Dec,156.7,N/A
CUSR0000SA0L2,1998,M01,1998 Jan,156.8,N/A
CUSR0000SA0L2,1998,M02,1998 Feb,156.6,N/A
CUSR0000SA0L2,1998,M03,1998 Mar,156.5,N/A
CUSR0000SA0L2,1998,M04,1998 Apr,156.6,N/A
CUSR0000SA0L2,1998,M05,1998 May,157.0,N/A
CUSR0000SA0L2,1998,M06,1998 Jun,157.1,N/A
CUSR0000SA0L2,1998,M07,1998 Jul,157.4,N/A
CUSR0000SA0L2,1998,M08,1998 Aug,157.6,N/A
CUSR0000SA0L2,1998,M09,1998 Sep,157.4,N/A
CUSR0000SA0L2,1998,M10,1998 Oct,157.7,N/A
CUSR0000SA0L2,1998,M11,1998 Nov,157.8,N/A
CUSR0000SA0L2,1998,M12,1998 Dec,158.1,N/A
CUSR0000SA0L2,1999,M01,1999 Jan,158.5,N/A
CUSR0000SA0L2,1999,M02,1999 Feb,158.3,N/A
CUSR0000SA0L2,1999,M03,1999 Mar,158.4,N/A
CUSR0000SA0L2,1999,M04,1999 Apr,159.6,N/A
CUSR0000SA0L2,1999,M05,1999 May,159.6,N/A
CUSR0000SA0L2,1999,M06,1999 Jun,159.6,N/A
CUSR0000SA0L2,1999,M07,1999 Jul,160.3,N/A
CUSR0000SA0L2,1999,M08,1999 Aug,160.7,N/A
CUSR0000SA0L2,1999,M09,1999 Sep,161.5,N/A
CUSR0000SA0L2,1999,M10,1999 Oct,161.9,N/A
CUSR0000SA0L2,1999,M11,1999 Nov,162.0,N/A
CUSR0000SA0L2,1999,M12,1999 Dec,162.5,N/A
CUSR0000SA0L2,2000,M01,2000 Jan,162.8,N/A
CUSR0000SA0L2,2000,M02,2000 Feb,163.6,N/A
CUSR0000SA0L2,2000,M03,2000 Mar,164.7,N/A
CUSR0000SA0L2,2000,M04,2000 Apr,164.5,N/A
CUSR0000SA0L2,2000,M05,2000 May,164.7,N/A
CUSR0000SA0L2,2000,M06,2000 Jun,165.8,N/A
CUSR0000SA0L2,2000,M07,2000 Jul,166.3,N/A
CUSR0000SA0L2,2000,M08,2000 Aug,166.1,N/A
CUSR0000SA0L2,2000,M09,2000 Sep,167.2,N/A
CUSR0000SA0L2,2000,M10,2000 Oct,167.3,N/A
CUSR0000SA0L2,2000,M11,2000 Nov,167.6,N/A
CUSR0000SA0L2,2000,M12,2000 Dec,168.0,N/A
CUSR0000SA0L2,2001,M01,2001 Jan,169.1,N/A
CUSR0000SA0L2,2001,M02,2001 Feb,169.4,N/A
CUSR0000SA0L2,2001,M03,2001 Mar,169.2,N/A
CUSR0000SA0L2,2001,M04,2001 Apr,169.6,N/A
CUSR0000SA0L2,2001,M05,2001 May,170.5,N/A
CUSR0000SA0L2,2001,M06,2001 Jun,170.7,N/A
CUSR0000SA0L2,2001,M07,2001 Jul,170.1,N/A
CUSR0000SA0L2,2001,M08,2001 Aug,169.8,N/A
CUSR0000SA0L2,2001,M09,2001 Sep,170.6,N/A
CUSR0000SA0L2,2001,M10,2001 Oct,169.7,N/A
CUSR0000SA0L2,2001,M11,2001 Nov,169.2,N/A
CUSR0000SA0L2,2001,M12,2001 Dec,168.8,N/A
CUSR0000SA0L2,2002,M01,2002 Jan,168.9,N/A
CUSR0000SA0L2,2002,M02,2002 Feb,169.0,N/A
CUSR0000SA0L2,2002,M03,2002 Mar,169.6,N/A
CUSR0000SA0L2,2002,M04,2002 Apr,170.5,N/A
CUSR0000SA0L2,2002,M05,2002 May,170.5,N/A
CUSR0000SA0L2,2002,M06,2002 Jun,170.6,N/A
CUSR0000SA0L2,2002,M07,2002 Jul,171.0,N/A
CUSR0000SA0L2,2002,M08,2002 Aug,171.4,N/A
CUSR0000SA0L2,2002,M09,2002 Sep,171.6,N/A
CUSR0000SA0L2,2002,M10,2002 Oct,172.0,N/A
CUSR0000SA0L2,2002,M11,2002 Nov,172.2,N/A
CUSR0000SA0L2,2002,M12,2002 Dec,172.4,N/A
CUSR0000SA0L2,2003,M01,2003 Jan,173.3,N/A
CUSR0000SA0L2,2003,M02,2003 Feb,174.6,N/A
CUSR0000SA0L2,2003,M03,2003 Mar,175.1,N/A
CUSR0000SA0L2,2003,M04,2003 Apr,174.1,N/A
CUSR0000SA0L2,2003,M05,2003 May,173.2,N/A
CUSR0000SA0L2,2003,M06,2003 Jun,173.6,N/A
CUSR0000SA0L2,2003,M07,2003 Jul,174.1,N/A
CUSR0000SA0L2,2003,M08,2003 Aug,175.1,N/A
CUSR0000SA0L2,2003,M09,2003 Sep,175.8,N/A
CUSR0000SA0L2,2003,M10,2003 Oct,175.3,N/A
CUSR0000SA0L2,2003,M11,2003 Nov,175.3,N/A
CUSR0000SA0L2,2003,M12,2003 Dec,175.8,N/A
CUSR0000SA0L2,2004,M01,2004 Jan,176.7,N/A
CUSR0000SA0L2,2004,M02,2004 Feb,177.4,N/A
CUSR0000SA0L2,2004,M03,2004 Mar,177.6,N/A
CUSR0000SA0L2,2004,M04,2004 Apr,177.5,N/A
CUSR0000SA0L2,2004,M05,2004 May,178.5,N/A
CUSR0000SA0L2,2004,M06,2004 Jun,179.2,N/A
CUSR0000SA0L2,2004,M07,2004 Jul,179.3,N/A
CUSR0000SA0L2,2004,M08,2004 Aug,179.4,N/A
CUSR0000SA0L2,2004,M09,2004 Sep,179.9,N/A
CUSR0000SA0L2,2004,M10,2004 Oct,181.2,N/A
CUSR0000SA0L2,2004,M11,2004 Nov,182.4,N/A
CUSR0000SA0L2,2004,M12,2004 Dec,182.3,N/A
CUSR0000SA0L2,2005,M01,2005 Jan,182.0,N/A
CUSR0000SA0L2,2005,M02,2005 Feb,182.7,N/A
CUSR0000SA0L2,2005,M03,2005 Mar,183.2,N/A
CUSR0000SA0L2,2005,M04,2005 Apr,184.1,N/A
CUSR0000SA0L2,2005,M05,2005 May,184.0,N/A
CUSR0000SA0L2,2005,M06,2005 Jun,184.0,N/A
CUSR0000SA0L2,2005,M07,2005 Jul,185.5,N/A
CUSR0000SA0L2,2005,M08,2005 Aug,187.1,N/A
CUSR0000SA0L2,2005,M09,2005 Sep,191.0,N/A
CUSR0000SA0L2,2005,M10,2005 Oct,190.9,N/A
CUSR0000SA0L2,2005,M11,2005 Nov,189.3,N/A
CUSR0000SA0L2,2005,M12,2005 Dec,189.0,N/A
CUSR0000SA0L2,2006,M01,2006 Jan,190.5,N/A
CUSR0000SA0L2,2006,M02,2006 Feb,190.3,N/A
CUSR0000SA0L2,2006,M03,2006 Mar,190.4,N/A
CUSR0000SA0L2,2006,M04,2006 Apr,191.5,N/A
CUSR0000SA0L2,2006,M05,2006 May,192.0,N/A
CUSR0000SA0L2,2006,M06,2006 Jun,192.3,N/A
CUSR0000SA0L2,2006,M07,2006 Jul,193.6,N/A
CUSR0000SA0L2,2006,M08,2006 Aug,194.4,N/A
CUSR0000SA0L2,2006,M09,2006 Sep,192.9,N/A
CUSR0000SA0L2,2006,M10,2006 Oct,191.2,N/A
CUSR0000SA0L2,2006,M11,2006 Nov,191.0,N/A
CUSR0000SA0L2,2006,M12,2006 Dec,192.3,N/A
CUSR0000SA0L2,2007,M01,2007 Jan,192.469,N/A
CUSR0000SA0L2,2007,M02,2007 Feb,193.242,N/A
CUSR0000SA0L2,2007,M03,2007 Mar,194.566,N/A
CUSR0000SA0L2,2007,M04,2007 Apr,195.195,N/A
CUSR0000SA0L2,2007,M05,2007 May,196.197,N/A
CUSR0000SA0L2,2007,M06,2007 Jun,196.592,N/A
CUSR0000SA0L2,2007,M07,2007 Jul,196.913,N/A
CUSR0000SA0L2,2007,M08,2007 Aug,196.763,N/A
CUSR0000SA0L2,2007,M09,2007 Sep,197.770,N/A
CUSR0000SA0L2,2007,M10,2007 Oct,198.459,N/A
CUSR0000SA0L2,2007,M11,2007 Nov,200.487,N/A
CUSR0000SA0L2,2007,M12,2007 Dec,201.081,N/A
CUSR0000SA0L2,2008,M01,2008 Jan,201.876,N/A
CUSR0000SA0L2,2008,M02,2008 Feb,202.455,N/A
CUSR0000SA0L2,2008,M03,2008 Mar,203.238,N/A
CUSR0000SA0L2,2008,M04,2008 Apr,203.954,N/A
CUSR0000SA0L2,2008,M05,2008 May,205.624,N/A
CUSR0000SA0L2,2008,M06,2008 Jun,208.604,N/A
CUSR0000SA0L2,2008,M07,2008 Jul,210.612,N/A
CUSR0000SA0L2,2008,M08,2008 Aug,210.016,N/A
CUSR0000SA0L2,2008,M09,2008 Sep,210.075,N/A
CUSR0000SA0L2,2008,M10,2008 Oct,207.310,N/A
CUSR0000SA0L2,2008,M11,2008 Nov,201.695,N/A
CUSR0000SA0L2,2008,M12,2008 Dec,199.210,N/A
CUSR0000SA0L2,2009,M01,2009 Jan,199.784,N/A
CUSR0000SA0L2,2009,M02,2009 Feb,200.822,N/A
CUSR0000SA0L2,2009,M03,2009 Mar,200.418,N/A
CUSR0000SA0L2,2009,M04,2009 Apr,200.633,N/A
CUSR0000SA0L2,2009,M05,2009 May,201.048,N/A
CUSR0000SA0L2,2009,M06,2009 Jun,203.603,N/A
CUSR0000SA0L2,2009,M07,2009 Jul,203.650,N/A
CUSR0000SA0L2,2009,M08,2009 Aug,204.516,N/A
CUSR0000SA0L2,2009,M09,2009 Sep,205.145,N/A
CUSR0000SA0L2,2009,M10,2009 Oct,205.968,N/A
CUSR0000SA0L2,2009,M11,2009 Nov,207.163,N/A
CUSR0000SA0L2,2009,M12,2009 Dec,207.320,N/A
CUSR0000SA0L2,2010,M01,2010 Jan,207.987,N/A
CUSR0000SA0L2,2010,M02,2010 Feb,207.710,N/A
CUSR0000SA0L2,2010,M03,2010 Mar,207.844,N/A
CUSR0000SA0L2,2010,M04,2010 Apr,207.896,N/A
CUSR0000SA0L2,2010,M05,2010 May,207.671,N/A
CUSR0000SA0L2,2010,M06,2010 Jun,207.476,N/A
CUSR0000SA0L2,2010,M07,2010 Jul,207.995,N/A
CUSR0000SA0L2,2010,M08,2010 Aug,208.442,N/A
CUSR0000SA0L2,2010,M09,2010 Sep,208.883,N/A
CUSR0000SA0L2,2010,M10,2010 Oct,209.904,N/A
CUSR0000SA0L2,2010,M11,2010 Nov,210.567,N/A
CUSR0000SA0L2,2010,M12,2010 Dec,211.693,N/A
CUSR0000SA0L2,2011,M01,2011 Jan,212.567,N/A
CUSR0000SA0L2,2011,M02,2011 Feb,213.448,N/A
CUSR0000SA0L2,2011,M03,2011 Mar,214.971,N/A
CUSR0000SA0L2,2011,M04,2011 Apr,216.345,N/A
CUSR0000SA0L2,2011,M05,2011 May,217.250,N/A
CUSR0000SA0L2,2011,M06,2011 Jun,217.046,N/A
CUSR0000SA0L2,2011,M07,2011 Jul,217.614,N/A
CUSR0000SA0L2,2011,M08,2011 Aug,218.420,N/A
CUSR0000SA0L2,2011,M09,2011 Sep,218.977,N/A
CUSR0000SA0L2,2011,M10,2011 Oct,218.988,N/A
CUSR0000SA0L2,2011,M11,2011 Nov,219.406,N/A
CUSR0000SA0L2,2011,M12,2011 Dec,219.272,N/A
CUSR0000SA0L2,2012,M01,2012 Jan,219.997,N/A
CUSR0000SA0L2,2012,M02,2012 Feb,220.509,N/A
CUSR0000SA0L2,2012,M03,2012 Mar,220.975,N/A
CUSR0000SA0L2,2012,M04,2012 Apr,221.280,N/A
CUSR0000SA0L2,2012,M05,2012 May,220.457,N/A
CUSR0000SA0L2,2012,M06,2012 Jun,220.049,N/A
CUSR0000SA0L2,2012,M07,2012 Jul,220.007,N/A
CUSR0000SA0L2,2012,M08,2012 Aug,221.680,N/A
CUSR0000SA0L2,2012,M09,2012 Sep,222.992,N/A
CUSR0000SA0L2,2012,M10,2012 Oct,223.637,N/A
CUSR0000SA0L2,2012,M11,2012 Nov,222.933,N/A
CUSR0000SA0L2,2012,M12,2012 Dec,222.724,N/A
CUSR0000SA0L2,2013,M01,2013 Jan,223.172,N/A
CUSR0000SA0L2,2013,M02,2013 Feb,224.713,N/A
CUSR0000SA0L2,2013,M03,2013 Mar,223.612,N/A
CUSR0000SA0L2,2013,M04,2013 Apr,222.732,N/A
CUSR0000SA0L2,2013,M05,2013 May,222.636,N/A
CUSR0000SA0L2,2013,M06,2013 Jun,223.201,N/A
CUSR0000SA0L2,2013,M07,2013 Jul,223.667,N/A
CUSR0000SA0L2,2013,M08,2013 Aug,224.204,N/A
CUSR0000SA0L2,2013,M09,2013 Sep,224.147,N/A
CUSR0000SA0L2,2013,M10,2013 Oct,224.179,N/A
CUSR0000SA0L2,2013,M11,2013 Nov,224.465,N/A
CUSR0000SA0L2,2013,M12,2013 Dec,225.046,N/A
CUSR0000SA0L2,2014,M01,2014 Jan,225.585,N/A
CUSR0000SA0L2,2014,M02,2014 Feb,225.716,N/A
CUSR0000SA0L2,2014,M03,2014 Mar,226.075,N/A
CUSR0000SA0L2,2014,M04,2014 Apr,226.443,N/A
CUSR0000SA0L2,2014,M05,2014 May,226.763,N/A
CUSR0000SA0L2,2014,M06,2014 Jun,227.032,N/A
CUSR0000SA0L2,2014,M07,2014 Jul,227.114,N/A
CUSR0000SA0L2,2014,M08,2014 Aug,226.823,N/A
CUSR0000SA0L2,2014,M09,2014 Sep,226.601,N/A
CUSR0000SA0L2,2014,M10,2014 Oct,226.293,N/A
CUSR0000SA0L2,2014,M11,2014 Nov,225.385,N/A
CUSR0000SA0L2,2014,M12,2014 Dec,224.135,N/A
CUSR0000SA0L2,2015,M01,2015 Jan,221.716,N/A
CUSR0000SA0L2,2015,M02,2015 Feb,222.274,N/A
CUSR0000SA0L2,2015,M03,2015 Mar,222.854,N/A
CUSR0000SA0L2,2015,M04,2015 Apr,222.906,N/A
CUSR0000SA0L2,2015,M05,2015 May,223.796,N/A
CUSR0000SA0L2,2015,M06,2015 Jun,224.418,N/A
CUSR0000SA0L2,2015,M07,2015 Jul,224.536,N/A
CUSR0000SA0L2,2015,M08,2015 Aug,224.301,N/A
CUSR0000SA0L2,2015,M09,2015 Sep,223.226,N/A
CUSR0000SA0L2,2015,M10,2015 Oct,223.283,N/A
CUSR0000SA0L2,2015,M11,2015 Nov,223.407,N/A
CUSR0000SA0L2,2015,M12,2015 Dec,222.790,N/A
CUSR0000SA0L2,2016,M01,2016 Jan,222.267,N/A
CUSR0000SA0L2,2016,M02,2016 Feb,221.518,N/A
CUSR0000SA0L2,2016,M03,2016 Mar,222.319,N/A
CUSR0000SA0L2,2016,M04,2016 Apr,223.310,N/A
CUSR0000SA0L2,2016,M05,2016 May,223.712,N/A
CUSR0000SA0L2,2016,M06,2016 Jun,224.268,N/A
CUSR0000SA0L2,2016,M07,2016 Jul,223.825,N/A
CUSR0000SA0L2,2016,M08,2016 Aug,224.119,N/A
CUSR0000SA0L2,2016,M09,2016 Sep,224.612,N/A
CUSR0000SA0L2,2016,M10,2016 Oct,225.010,N/A
CUSR0000SA0L2,2016,M11,2016 Nov,225.079,N/A
CUSR0000SA0L2,2016,M12,2016 Dec,225.608,N/A
CUSR0000SA0L2,2017,M01,2017 Jan,226.707,N/A
CUSR0000SA0L2,2017,M02,2017 Feb,226.949,N/A
CUSR0000SA0L2,2017,M03,2017 Mar,226.607,N/A
CUSR0000SA0L2,2017,M04,2017 Apr,226.746,N/A
CUSR0000SA0L2,2017,M05,2017 May,226.201,N/A
CUSR0000SA0L2,2017,M06,2017 Jun,226.132,N/A
CUSR0000SA0L2,2017,M07,2017 Jul,226.063,N/A
CUSR0000SA0L2,2017,M08,2017 Aug,226.902,N/A
CUSR0000SA0L2,2017,M09,2017 Sep,228.340,N/A
CUSR0000SA0L2,2017,M10,2017 Oct,228.179,N/A
CUSR0000SA0L2,2017,M11,2017 Nov,228.860,N/A
CUSR0000SA0L2,2017,M12,2017 Dec,229.202,N/A
CUSR0000SA0L2,2018,M01,2018 Jan,230.339,N/A
CUSR0000SA0L2,2018,M02,2018 Feb,231.049,N/A
CUSR0000SA0L2,2018,M03,2018 Mar,230.736,N/A
CUSR0000SA0L2,2018,M04,2018 Apr,231.295,N/A
CUSR0000SA0L2,2018,M05,2018 May,231.671,N/A
CUSR0000SA0L2,2018,M06,2018 Jun,231.843,N/A
CUSR0000SA0L2,2018,M07,2018 Jul,231.793,N/A
CUSR0000SA0L2,2018,M08,2018 Aug,232.059,N/A
CUSR0000SA0L2,2018,M09,2018 Sep,232.581,N/A
CUSR0000SA0L2,2018,M10,2018 Oct,233.069,N/A
CUSR0000SA0L2,2018,M11,2018 Nov,232.511,N/A
CUSR0000SA0L2,2018,M12,2018 Dec,232.423,N/A
CUSR0000SA0L2,2019,M01,2019 Jan,232.035,N/A
CUSR0000SA0L2,2019,M02,2019 Feb,232.474,N/A
CUSR0000SA0L2,2019,M03,2019 Mar,233.300,N/A
CUSR0000SA0L2,2019,M04,2019 Apr,234.271,N/A
CUSR0000SA0L2,2019,M05,2019 May,234.063,N/A
CUSR0000SA0L2,2019,M06,2019 Jun,233.572,N/A
CUSR0000SA0L2,2019,M07,2019 Jul,233.991,N/A
CUSR0000SA0L2,2019,M08,2019 Aug,234.285,N/A
CUSR0000SA0L2,2019,M09,2019 Sep,234.532,N/A
CUSR0000SA0L2,2019,M10,2019 Oct,235.378,N/A
CUSR0000SA0L2,2019,M11,2019 Nov,235.869,N/A
CUSR0000SA0L2,2019,M12,2019 Dec,236.752,N/A
CUSR0000SA0L2,2020,M01,2020 Jan,236.880,N/A
CUSR0000SA0L2,2020,M02,2020 Feb,236.774,N/A
CUSR0000SA0L2,2020,M03,2020 Mar,235.202,N/A
CUSR0000SA0L2,2020,M04,2020 Apr,232.460,N/A
CUSR0000SA0L2,2020,M05,2020 May,231.896,N/A
CUSR0000SA0L2,2020,M06,2020 Jun,233.324,N/A
CUSR0000SA0L2,2020,M07,2020 Jul,234.815,N/A
CUSR0000SA0L2,2020,M08,2020 Aug,236.203,N/A
CUSR0000SA0L2,2020,M09,2020 Sep,236.954,N/A
CUSR0000SA0L2,2020,M10,2020 Oct,237.171,N/A
CUSR0000SA0L2,2020,M11,2020 Nov,237.760,N/A
CUSR0000SA0L2,2020,M12,2020 Dec,239.280,N/A
CUSR0000SA0L2,2021,M01,2021 Jan,239.950,N/A
CUSR0000SA0L2,2021,M02,2021 Feb,241.064,N/A
CUSR0000SA0L2,2021,M03,2021 Mar,242.483,N/A
CUSR0000SA0L2,2021,M04,2021 Apr,244.448,N/A
CUSR0000SA0L2,2021,M05,2021 May,246.483,N/A
CUSR0000SA0L2,2021,M06,2021 Jun,248.862,N/A
CUSR0000SA0L2,2021,M07,2021 Jul,249.947,N/A
CUSR0000SA0L2,2021,M08,2021 Aug,251.259,N/A
CUSR0000SA0L2,2021,M09,2021 Sep,252.340,N/A
CUSR0000SA0L2,2021,M10,2021 Oct,255.209,N/A
CUSR0000SA0L2,2021,M11,2021 Nov,257.624,N/A
CUSR0000SA0L2,2021,M12,2021 Dec,260.076,N/A
CUSR0000SA0L2,2022,M01,2022 Jan,262.024,N/A
CUSR0000SA0L2,2022,M02,2022 Feb,264.079,N/A
CUSR0000SA0L2,2022,M03,2022 Mar,267.379,N/A
CUSR0000SA0L2,2022,M04,2022 Apr,268.311,N/A
CUSR0000SA0L2,2022,M05,2022 May,271.169,N/A
CUSR0000SA0L2,2022,M06,2022 Jun,275.182,N/A
CUSR0000SA0L2,2022,M07,2022 Jul,274.298,N/A
CUSR0000SA0L2,2022,M08,2022 Aug,274.368,N/A
CUSR0000SA0L2,2022,M09,2022 Sep,275.062,N/A
CUSR0000SA0L2,2022,M10,2022 Oct,276.095,N/A
CUSR0000SA0L2,2022,M11,2022 Nov,276.076,N/A
CUSR0000SA0L2,2022,M12,2022 Dec,275.550,N/A
CUSR0000SA0L2,2023,M01,2023 Jan,276.701,N/A
CUSR0000SA0L2,2023,M02,2023 Feb,277.166,N/A
CUSR0000SA0L2,2023,M03,2023 Mar,276.580,N/A
CUSR0000SA0L2,2023,M04,2023 Apr,277.519,N/A
CUSR0000SA0L2,2023,M05,2023 May,277.228,N/A
CUSR0000SA0L2,2023,M06,2023 Jun,277.455,N/A
CUSR0000SA0L2,2023,M07,2023 Jul,277.513,N/A
CUSR0000SA0L2,2023,M08,2023 Aug,279.774,N/A
CUSR0000SA0L2,2023,M09,2023 Sep,280.506,N/A
CUSR0000SA0L2,2023,M10,2023 Oct,280.201,N/A
CUSR0000SA0L2,2023,M11,2023 Nov,279.944,N/A
CUSR0000SA0L2,2023,M12,2023 Dec,280.561,N/A
